query,answer
鼻炎是什么？,1.简介：鼻炎是指发生在鼻腔黏膜处的炎症反应，是一类较为常见的疾病，主要表现为鼻痒、鼻塞、打喷嚏、流鼻涕等。根据鼻炎起病的快慢、疾病持续时间的长短，可以将鼻炎分为急性鼻炎和慢性鼻炎。引起鼻炎的原因有很多，比如病毒和细菌的感染、过敏、药物、毒物刺激等。鼻炎以药物治疗为主，不同类型的鼻炎，在检查和治疗上都有差异，预后也有所不同。2.症状：鼻炎的症状主要体现在鼻部的不适，常表现为鼻痒、鼻塞、流鼻涕、打喷嚏等，除此以外，根据不同类型的鼻炎还会有其他部位的症状。•	急性鼻炎：多数表现为鼻内干燥、有灼热感，倦怠，头痛或发热等，鼻涕一开始是清水样的，后期若有细菌感染，就会变得粘稠甚至带脓。可能还会出现耳鸣或听力下降等现象。•	变应性鼻炎（过敏性鼻炎）：鼻塞、鼻痒、流清水样鼻涕、反复打喷嚏，几个到几十个不等，一般是在接触过敏原后立即发作。•	萎缩性鼻炎：嗅觉减退，由于鼻黏膜的萎缩还会有鼻出血、鼻部干燥不适、头痛头昏等症状，部分严重者呼气时能闻到臭味。•	药物性鼻炎：主要表现为鼻塞，一般症状会在夜间时加重，静坐时会比活动时加重，鼻子中有分泌物，会感到鼻子干燥不舒服或是有烧灼感。3.病因：鼻炎有多种类型，不同类型的鼻炎，病因不同：•	急性鼻炎：机体在烟酒刺激、慢性疾病和鼻腔疾病、内分泌失调等诱因影响下，抵抗力下降，病毒侵犯鼻腔黏膜导致炎症的发生。•	变应性鼻炎（过敏性鼻炎）：与接触过敏原有关，过敏原与鼻黏膜接触时，会被过敏性鼻炎患者的免疫系统误认为是对机体有害的「外来入侵者」，从而对其发动了强烈的攻击，通过打喷嚏和流清水样鼻涕等方式，试图将这些「外来入侵者」排出体外。常见的过敏原有花粉、尘螨、动物毛发、霉菌等。过敏性鼻炎常和哮喘、湿疹同时存在，都跟过敏有关。•	萎缩性鼻炎：鼻黏膜在长期的刺激下开始萎缩，导致功能减退。常见的刺激包括：有害粉尘、空气的物理刺激；慢性鼻炎、慢性鼻窦炎的脓性分泌物的长期刺激；多次或不适当的鼻腔手术导致鼻黏膜广泛损伤。•	药物性鼻炎：鼻黏膜长期在某些药物的作用下，上皮细胞功能受到损害，导致鼻部的血管舒缩功能失调，从而引发炎症。长期过度使用鼻用减充血剂、抗抑郁药、抗高血压药等容易诱发药物性鼻炎。4.诊断：若出现鼻炎相关症状后，医生会建议做以下检查来明确是否患有鼻炎或是何种类型的鼻炎：•	鼻镜检查：包括前鼻镜检查和鼻内镜检查，可以观察鼻部、鼻黏膜、鼻子分泌物的情况，不同类型的鼻炎，鼻镜检查结果也不同，例如变应性鼻炎患者鼻黏膜表现为苍白、水肿，亦可表现为充血或浅蓝色。•	血常规检查：主要是为了观察血细胞数目有无异常，判断是否存在感染的可能性，辅助诊断。•	影像学检查：CT 和 X 线等影像学检查，主要是为了观察鼻部的结构有无异常，排除其他疾病的干扰，辅助诊断。•	过敏原检测：并非所有鼻炎都需要做该检查，一般怀疑是过敏引起的鼻炎时考虑进行此项检查。5.治疗：鼻炎的治疗一般以药物为主，部分情况严重者可在医生建议下考虑手术治疗。鼻炎的药物分为两大类，一类是在全身起作用的，主要目的是抗炎、消肿、促进鼻涕排出来、抗过敏；另一类是在鼻子局部的用药，如各种喷鼻剂、滴鼻剂等。常见的药物有以下一些：•	鼻用糖皮质激素：如布地奈德鼻喷剂，能减轻鼻黏膜的水肿，抑制血管扩张，从而有效缓解鼻塞、流涕、喷嚏等鼻部症状，是目前治疗鼻炎的首选用药。•	抗组胺药：如盐酸氮卓斯汀鼻喷剂，见效较快，对缓解鼻痒、喷嚏的症状效果较好，但对缓解鼻塞的作用较弱。常见的不良反应有口苦，咽部有刺激感，头痛，嗜睡等。•	鼻用减充血药：如羟甲唑啉喷雾剂，能迅速减轻鼻黏膜充血和肿胀的现象，缓解鼻塞的症状，但是不建议连续使用超过一周，长期滥用易引起「药物性鼻炎」。上述药物均需在医生指导下使用，切勿自行滥用。除此以外，鼻炎患者可酌情进行鼻腔冲洗，有利于清洁鼻腔、除去脓痂和臭味；部分变应性鼻炎（过敏性鼻炎）的患者可进行脱敏治疗。6.生活：变应性鼻炎（过敏性鼻炎）患者日常要避开过敏的食物，其他饮食方面没有特别要注意的地方。建议日常注意合理搭配膳食、均衡营养，有助于增强抵抗力。•	尽量避开引起鼻炎或使鼻炎加重的因素，包括各种过敏原、烟雾、粉尘、酒精、刺激性气体等等。•	可以经常进行鼻腔冲洗。•	避免接触过冷、过干燥的环境，减少对鼻黏膜的刺激，冬天出门时可以戴上口罩，室内可以使用加湿器。7.预防： •	避免接触各种已知的过敏原或刺激物，外出时可佩戴口罩；•	锻炼身体，作息规律，劳逸结合，预防感冒；•	远离粉尘和有害物质较多的环境，保持居住环境的清洁、通风；避免烟酒；•	积极治疗相关疾病，如糖尿病、内分泌失调、鼻窦炎、鼻息肉等。8.就诊：推荐科室耳鼻咽喉科中国医学科学院北京协和医院北京市东城区王府井帅府园1号（100730）；北京市西城区大木仓胡同41号（100032）三级甲等复旦大学附属眼耳鼻喉科医院上海市徐汇区汾阳路83号；分部地址：宝庆路19号 ；浦江院区：江月路2600号三级甲等中国人民解放军总医院北京市海淀区复兴路28号三级甲等首都医科大学附属北京同仁医院北京市东城区东交民巷1号三级甲等
鼻炎有哪几种类型？,根据鼻炎起病的快慢、疾病持续时间的长短，可分为急性和慢性两大类鼻炎，慢性鼻炎中较为常见的有变应性鼻炎（俗称过敏性鼻炎）、萎缩性鼻炎和药物性鼻炎。•	急性鼻炎：是由病毒感染所引起的鼻炎，常常会在病毒感染的基础上继发细菌感染。一年四季均可发病，冬季时更多见。•	变应性鼻炎（过敏性鼻炎）：由于鼻黏膜在接触到某些过敏原（如花粉、尘螨等）后发生的慢性炎症反应，一般在脱离过敏原后，症状可自行消失。常与支气管哮喘同时存在。•	萎缩性鼻炎：由于长期的刺激导致鼻黏膜萎缩，严重者还会导致黏膜下的鼻甲、鼻腔骨质等也发生萎缩。•	药物性鼻炎：长期过量使用鼻用减充血剂、抗抑郁药、抗高血压药等引起的鼻炎，一般停止用药后症状会有所缓解。
鼻炎为什么会引起耳闷？,鼻腔后方有管道「咽鼓管」与耳内相通，正常情况下，该管道可开放使鼓膜两侧的气压平衡。鼻炎发作时，由于鼻黏膜肿胀，鼻部分泌物增多，会堵塞咽鼓管口，甚至引起咽鼓管发炎，使咽鼓管不能正常开放，鼓膜两侧气压不平衡，就会导致耳闷。
鼻炎为什么会引起流眼泪？,变应性鼻炎（过敏性鼻炎）发作时，可以并发眼结膜炎，会有眼痒、流泪的表现。这是因为，鼻腔内有管道「鼻泪管」与眼相通，正常情况下眼部分泌的泪液经该管道流入鼻腔。而发炎时由于黏膜肿胀导致该管道不通畅，分泌物只好从眼部流出。
鼻炎为什么会引起头痛、头昏？,•	鼻炎发作时鼻黏膜肿胀，压迫到神经末梢，会引起头痛；•	鼻塞造成的大脑缺氧，也会引起头痛、头昏；•	萎缩性鼻炎使鼻腔过于宽大，鼻腔的保温保湿功能减退，大量干冷空气刺激鼻黏膜，也会引起头痛。
鼻炎为什么会引起嗅觉下降？,鼻炎引起嗅觉下降的原因主要有：•	鼻黏膜肿胀造成通气不畅，含气味颗粒的气体不能到达嗅区黏膜；•	鼻腔内有部分区域与嗅神经相连，由于鼻黏膜的萎缩导致相连的嗅神经也萎缩；•	慢性鼻炎长期鼻塞，嗅神经长时间接触不到气味刺激，形成「废用性萎缩」。
鼻炎会有哪些严重后果？,慢性鼻炎反复的鼻塞、流涕、喷嚏等症状会影响到日常的社交和生活，鼻塞还会加重鼾症及睡眠缺氧，小孩长期因鼻塞而张口呼吸，还可能造成智力及面部发育不良。此外，长期炎症还会对耳部、眼部产生刺激，导致中耳炎、泪囊炎等，变应性鼻炎常和支气管哮喘同时存在。
鼻炎会传染吗？,慢性鼻炎并不会传染。感冒导致的急性鼻炎，具有一定的传染性，不过这时候传染的是「感冒」病毒，而不是「鼻炎」本身。为避免染上感冒，需尽量减少和感冒病人的接触，勤洗手。
鼻炎是否会遗传？,大部分的鼻炎都不是遗传病，但是变应性鼻炎（过敏性鼻炎）有一定的遗传倾向。同一个患者可能既有变应性鼻炎又有哮喘，家族中若有成员患有过敏性疾病，则其患变应性鼻炎的风险要高于常人。
鼻炎与鼻窦炎有什么区别？,二者虽然只有一字之差，但具体的病变部位不一样：鼻腔就像客厅，而鼻窦则是与客厅相通的小房间。鼻炎是「客厅」的炎症，鼻窦炎是各个「房间」的炎症，二者可以互相影响，但治疗方法不完全一样。医生也会根据具体的病变部位来鉴别二者。
鼻炎能否根治？,急性鼻炎一般是可以治愈的，可是一旦再次「感冒」，还是会有复发的可能性。慢性鼻炎通常病程较长，较难根治，容易反复发作，但通过积极有效的治疗，能减少发作次数，减轻发作时的症状。
过敏性鼻炎的脱敏治疗是什么？,过敏性疾病是身体对环境的某些刺激产生的过敏性反应。脱敏治疗，简单地说就是按照由低到高的强度，对身体反复进行该种刺激，使身体对这种刺激形成「习惯」，反应减轻，直至不产生明显反应。但是脱敏治疗的时间较长（一般 3～6 个月起效，疗程通常需要 3 年），且费用较高（总费用在数千到数万不等），即使采用了脱敏治疗，也有部分患者存在效果不明显的现象，因此建议根据自身情况谨慎选择。
鼻炎治疗用的喷鼻剂或滴鼻剂有哪些？要注意什么？,目前用于治疗鼻炎的喷鼻剂或滴鼻剂共有三大类：•	减充血剂：比如羟甲唑啉喷雾剂。药店能买到的非处方药物多为此类，短期效果好，喷鼻后鼻塞症状能立即缓解，持续几个小时。•	糖皮质激素类：如布地奈德鼻喷剂等。•	抗组胺类：如盐酸氮卓斯汀鼻喷剂等。其中第 2、3 类多为处方药，按照医生推荐的剂量和疗程使用，一般不会产生依赖性。但是第 1 类药物，患者可以在药店自行购买，缺乏医生专业指导，容易造成滥用；长期使用此类药物，不但疗效变差，还会引起「药物性鼻炎」，就会变得很难治疗。因此，如果使用第 1 类药物，即减充血剂（比如羟甲唑啉喷雾剂），注意最好不连续用超过一周，不建议长期使用。
鼻炎是否需要手术？,部分病程长、保守治疗疗效不好、症状严重影响生活的鼻炎患者，可采用手术治疗的方式。但因为鼻炎的原因比较复杂，包括环境、心理等各方面因素，手术效果并不能完全保证，具体可向专业医生进一步咨询。
鼻炎患者怎样进行鼻腔冲洗？,•	有的医院有电动的鼻腔冲洗器，可到医院行鼻腔冲洗。•	购买简易手动洗鼻器（视频）在家冲洗。 洗鼻器的型号较多，具体用法可咨询销售人员。有相应的冲洗盐剂放入洗鼻器内，加温水后进行冲洗；也可只用生理盐水冲洗。 成人及愿意接受鼻腔冲洗的小孩都适用，可在家及学校宿舍使用，一日 1～2 次。•	小瓶装喷雾型洗鼻剂。内容的冲洗药液已配好，对鼻孔内喷数喷即可，但一瓶喷完无法重复使用。便于随身携带，一日可多次使用。且喷雾压力较温和，不愿接受洗鼻器冲洗的小孩也可选用喷雾型洗鼻。
肺炎是什么？,\n1.简介：\n肺炎是指发生在肺部的炎症，是一种常见的呼吸系统疾病。可由细菌、病毒、真菌、寄生虫等微生物感染引起，也可以因接受放射线照射、吸入异物等原因引起。常见表现有发烧、咳嗽、咳痰、胸痛等。\n由微生物感染引起的肺炎也叫肺部感染、感染性肺炎，可以通过抗感染（包括抗菌、抗病毒、抗寄生虫等）治疗治愈，其他类型的肺炎治疗方法各异。一般的感染性肺炎都能治好，但较重的肺炎有可能会危及生命。\n2.症状：\n不同病因导致的肺炎，其临床表现略有差异，主要的表现有咳嗽、咳痰、发热、寒战、胸痛、呼吸困难等。\n危重患者还可能出现缺氧、烦躁、呼吸衰竭、休克（晕厥、血压下降、意识丧失）、少尿、肾功能衰竭等表现。\n3.病因：\n不同类型的肺炎，发病原因不同。比如：\n感染性肺炎：各种病原体（病毒、细菌、真菌、支原体、衣原体、寄生虫等）可以通过呼吸道或血液进入支气管和肺部，如果机体免疫力较低或者致病菌的毒力较强，机体就不能及时清理掉这些病原体，就可能引发肺炎。\n吸入性肺炎：是由于误吸导致的肺部炎症，常见的容易发生误吸的情况有醉酒、癫痫发作、麻醉、中风、胃食管反流、异物吸入等。\n放射性肺炎：是由于恶性肿瘤放射治疗（放疗）后，造成肺组织损伤引起的肺炎。常见的容易引起放射性肺炎的癌症有肺癌、乳腺癌、食管癌等。\n其他：自身免疫性疾病也可以导致肺部炎症，与免疫系统紊乱有关；使用某些药物（如胺碘酮）可导致间质性肺炎；长期吸入石棉粉尘，可导致慢性肺炎，表现为肺间质纤维化；等等。\n4.诊断：\n当出现咳嗽、咳痰、发热、胸痛等症状时，需要怀疑肺炎并及时就诊，医生会进行仔细的体格检查（包括测体温、肺部听诊等），并结合一些抽血化验、影像学检查结果来诊断肺炎。常用的检查有：\n血常规：是诊断肺炎的主要手段之一，通过白细胞计数、中性粒细胞计数、C 反应蛋白（CRP）、降钙素原等检查结果，来判断是否有细菌感染、感染的严重程度，还可动态反映肺炎治疗的效果。\n血气分析：判断肺炎患者呼吸功能是否异常。\n肺功能检查：肺功能检查对肺炎的早期诊断、观察疗效和判断预后有重要的临床意义。\n胸部X线检查：可以明确病变的位置和严重程度，对治疗后随访观察、评估疗效也有重要的作用。\n胸部 CT：可以清晰地查看肺组织的细微结构，用于 X 线和一般检查难以确定的其它可疑病变。\n病原学检查：包括痰涂片和痰培养，是诊断细菌性肺炎类型最常用的方法，但敏感性和特异性不高，多在抗生素应用之前留取，以便医生有针对性的，采用对病原体敏感的药物进行治疗。\n5.治疗：\n一般治疗：\n患病期间尽量卧床休息，可增加饮水量。同时保证摄入足够的蛋白质、热量及维生素。\n对症支持治疗：\n止咳、化痰：如果以干咳为主，可遵医嘱酌情使用镇咳药物如右美沙芬、磷酸可待因等。痰量过多或有脓痰时，可口服祛痰药物如盐酸氨溴索、乙酰半胱氨酸，或应用氨溴索、乙酰半胱氨酸进行雾化治疗。用药须严格遵照医嘱，严禁擅自用药。\n退热：体温过高时，可先进行物理降温，如冰袋、退热贴等。若高烧不退，可遵医嘱服用布洛芬等解热退热药物，但需注意退热药物过度使用可能带来的危害（比如引起大量出汗、水电解质紊乱、增加消化道出血风险等）。\n抗感染治疗：\n抗菌药物：抗菌药物是治疗细菌性肺炎的主要药物。目前，常用的抗菌药物包括青霉素类、头孢菌素类 、喹诺酮类 、大环内酯类、磺胺类、抗真菌药物等。使用抗菌药物须严格遵照医嘱，避免出现耐药性。\n抗病毒药物：经诊断系由病毒感染引起的肺炎，常用的抗病毒药物有利巴韦林、阿昔洛韦、更昔洛韦、奥司他韦等。\n6.生活：\n三餐规律，保证饮食均衡，戒烟戒酒。\n注意休息，避免劳累、剧烈运动。\n根据自身情况选择一些中等强度的体育锻炼（如慢跑、骑自行车等），避免剧烈运动。\n注意室内通风，保持合适的室内湿度（50%～60%），湿度太低容易诱发咳嗽，湿度太高容易滋生病菌。\n多饮水，因为发热、出汗会导致体内水分流失。多喝水、多排尿还有利于将体内的代谢废物更快的排出体外，有助于疾病的康复。\n保持良好的卫生习惯，勤洗手，戴好口罩，有咳嗽、打喷嚏等呼吸道症状时用纸巾、肘部衣物遮挡口鼻，减少去人群密集的场合，避免传染给他人。\n7.预防：\n养成良好的卫生习惯，勤洗手，用肥皂和流动水洗手。\n易感人群、老年人群、慢性病人群（如高血压、糖尿病等）可接种肺炎疫苗（13 价肺炎疫苗和 23 价肺炎疫苗）、流感疫苗。可搜索或点击查看「肺炎疫苗」「流感疫苗」，了解适合接种的人群、接种的时间点等。\n积极锻炼身体，提高机体免疫力。\n避免淋雨、疲劳、醉酒等肺炎的诱发因素。\n老人、小孩及体弱者应避免接触感冒、肺炎患者，少去人多、封闭的公共场所，处于人群密集处建议佩戴口罩。\n房屋内定期开窗通风，天气较冷时可每日通风半小时左右，同时注意添加衣物。\n长期卧床者应经常变换体位，防止发生坠积性肺炎。\n8.就诊：\n推荐科室\n呼吸内科\n复旦大学附属华山医院\n上海市乌鲁木齐中路12号、华山路433号、吴中东路518号、浦东新区红枫路525号、闵行区金光路958号、江苏路796号、宝山区陆翔路108号、同望路55号\n三级甲等\n浙江大学医学院附属第一医院\n杭州市庆春路79号\n三级甲等\n南方医科大学南方医院\n广州市广州大道北1838号\n三级甲等\n中国医学科学院北京协和医院\n北京市东城区王府井帅府园1号（100730）；北京市西城区大木仓胡同41号（100032）\n三级甲等\n
支气管炎是什么病？,\n1.简介：\n支气管炎是一种慢性非特异性炎症，主要发生在支气管、支气管黏膜及其周围组织。主要症状为咳嗽、咳痰、气喘（喘息）、呼吸急促、胸部不适等。\n支气管炎包括急性及慢性两类。\n急性支气管炎大多由病毒感染引起，通常表现为持续 2～3 周的咳嗽。治疗以休息、退热、平喘为主。如果合并有细菌感染，可使用抗菌药物。经过及时、正规治疗，一般可治愈。\n慢性支气管炎最主要的危险因素是吸烟，临床表现为每年咳嗽、咳痰或伴喘息持续三个月，并连续二年以上。治疗包括戒烟、吸氧、抗炎、解痉平喘、化痰止咳等支持治疗。 慢性支气管炎很难根治，可影响患者的最大运动量和生活质量，可以通过肺康复功能训练等各种措施进行预防以减少急性发作的次数。\n2.症状：\n急性支气管炎最常见的症状是咳嗽，其他症状包括咳痰、气喘、呼吸急促、胸闷等。症状总持续期通常约三周左右。少数患者症状可能持续六周。\n慢性支气管炎的症状包括咳嗽、咳痰、 气喘及呼吸急促，特别是在劳累情况下气促明显。咳嗽常在晨起后加重，可伴有咳黄色或绿色痰，或伴有少量血丝痰。\n3.病因：\n超过 90% 的急性支气管炎为病毒感染（如流感病毒、呼吸道合胞病毒、鼻病毒等）导致，吸烟、吸入粉尘、空气污染中的人群更容易被感染。\n少数急性支气管炎由严重空气污染或细菌感染导致。\n大多数慢性支气管炎由于吸烟导致。此外，空气污染、刺激性气体、职业粉尘暴露（如煤矿开采、谷物装卸运输、纺织制造、畜牧业、金属锻造等） 也是慢性支气管炎的危险因素。\n慢性支气管炎可出现急性发作，常常是由细菌感染所诱发，常见的感染细菌有肺炎链球菌、流感嗜血杆菌、卡他莫拉菌等。\n免疫因素：人体免疫异常或免疫力低下时，易受到细菌和病毒的侵袭，从而易发生支气管炎。\n季节因素：冬季慢性支气管的发病率较高，且发生急性感染发作的病例较多。\n4.诊断：\n需要进行 X 线胸片、血常规、痰涂片或痰培养、血清学检查等。\nX 线胸片检查有助于早期发现是否还患有肺炎。\n血常规检查有助于判断是否为病毒感染或细菌感染导致。\n痰涂片或痰培养、血清学检查等有助于发现致病的病原体。\n慢性支气管炎需要进行呼吸功能检查，了解气道的阻塞情况、病情发展的阶段。\n5.治疗：\n药物治疗：\n糖皮质激素：可以控制气道的慢性炎症（非感染性炎症），有助于缓解气道上皮的炎症和水肿，适用于慢性支气管炎患者。\n氨茶碱：有助于减少气道痉挛，减轻气喘、气促等症状。适用于慢性支气管炎患者，可能会引起恶心、呕吐、易激动、失眠等不良反应。\n化痰： 化痰药物（如溴已新），具有祛痰、镇咳的作用，对慢性支气管炎急性加重也有一定的治疗效果。可能会引起恶心、胃部不适等不良反应。\n抗生素：如青霉素、头孢氨苄等，可以抗菌，控制感染，可能会引起恶心、呕吐、腹泻、皮疹等不良反应。\n雾化：常用药物有布地奈德、沙丁胺醇等，通过气雾湿化吸入，可稀释气管内的分泌物，有利排痰，适用于慢性支气管炎患者，可能引起声音沙哑、咽喉刺激、咳嗽等不良反应。\n吸氧： 血氧饱和度低于 90% 的患者可以给予吸氧，长期低流量吸氧有助于缓解低氧血症，并可提高慢性支气管炎患者的生存率。\n6.生活：\n注意合理饮食、适当锻炼，增强体质。每天保证足量的睡眠；\n当精神压力大、情绪紧张时，注意自我调节；\n注意根据天气变化增减衣物，避免着凉；\n居住环境应清洁卫生，定期消毒以防止细菌感染；勤通风，避免患者吸入刺激性气体和粉尘。\n流行性感冒好发季减少出门的次数，出门佩戴口罩，减少病毒感染的几率。\n合理安排作息时间，避免劳累。\n7.预防：\n急性支气管炎的预防包括勤洗手、戒烟（避免二手烟）、避开环境污染等。\n慢性支气管炎的预防最重要的是戒烟。此外，避免感冒、呼吸道刺激，有助于减少慢性支气管炎急性发作。\n接种流感疫苗、肺炎疫苗等，预防疾病。\n8.就诊：\n推荐科室\n呼吸内科\n广州医科大学附属第一医院\n广州市沿江西路151号\n三级甲等\n中日友好医院\n北区:北京市朝阳区樱花园东街2号西区:北京市朝阳区双泉堡甲2号\n三级甲等\n四川大学华西医院\n四川省成都市武侯区国学巷37号\n三级甲等\n中国医学科学院北京协和医院\n北京市东城区王府井帅府园1号（100730）；北京市西城区大木仓胡同41号（100032）\n三级甲等\n
百日咳是什么？,\n1.简介：\n百日咳( pertussis， whooping cough)是由百日咳杆菌引起的一种急性呼吸道传染疾病。\n因为该病病史一般持续 2～3 个月，故名「百日咳」。\n主要表现为以间断出现的痉挛性咳嗽、咳嗽终止时伴有吸气吼声为特点，婴幼儿患者常见，可合并窒息、肺炎、百日咳脑病等，病死率较高。\n近年来，婴幼儿及成人发病率有逐年增加的趋势。\n该病尚无特别有效的治疗方法，但可以通过抗感染、对症治疗控制症状。患病期间需要呼吸道隔离，患者生活质量不会受到严重影响。\n2.症状：\n一般该病潜伏时间为平均 7～10 天。百日咳起病不容易发现，进展比较慢，会持续恶化，就像下长坡一样，慢却持久，病程常持续 2～3 个月，故称为「百日咳」。临床过程分三期：\n(一)卡他期 从起病至阵发性痉挛的出现，约 7～14 天。开始类似于感冒一样的症状，患者会感到发热、咳嗽、喷嚏、流泪等不适。2～3 天后发热好转，而咳嗽较前加重，尤以夜间更明显，由疾病开始的单声干咳渐变成后续的痉挛性咳嗽。\n（二）痉咳期 该段病期一般为 2～4 周或更长，此时基本已无发热，患者会出现阵发性痉挛性咳嗽，发作时连续十余声至数十声短促的咳嗽，随后出现深长的吸气。紧接着一连串咳嗽如此反复，直至排出大量黏稠痰液或吐出胃内食物为止，这些不适一般以夜间较为常见。\n当患者跑步、进食、受凉、情绪变化等均可诱发痉挛性咳嗽。咳嗽发作时患者表情痛苦，脸面潮红；因反复咳嗽可出现颈部静脉怒张，甚至大小便失禁。\n痉挛性咳嗽频繁的患者可出现脸面浮肿，甚至会出现眼结膜下出血或鼻出血，或者颅内出血。新生儿和婴幼儿常无典型的痉挛性咳嗽，患儿可表现为阵发性屏气和颜面发紫，易窒息、抽搐。\n可因脑部缺氧而发生抽搐，称窒息性发作。此发作常在夜晚发生，若抢救不及时，常因窒息缺氧而死亡。\n（三）恢复期 此期为2～3周。患者在该阶段可表现为阵发性咳嗽减轻、好转，患者精神食欲恢复正常。若有并发症，病程相应可能会延长。\n(四)并发症 1.支气管肺炎是常见的并发症，为继发感染所致。患者可出现高热，呼吸浅而快，阵发性痉咳常可停止。在病情较重的患儿还可有肺气肿及皮下气肿。 2.百日咳脑病是最严重的并发症，该症状的出现是由于脑组织缺氧、颅内出血所引起常有意识障碍、抽搐、高热等，可能危及生命。恢复后可留有一侧肢体活动不佳等神经系统症状。 3.其他如眼结膜出血、腹股沟疝和脱肛等。\n3.病因：\n百日咳由百日咳杆菌引起的急性呼吸道传染病，可通过呼吸道传播，婴幼儿好发，偶可见于成人。\n4.诊断：\n医生在诊断百日咳时，主要参考的是患者接触史、症状表现及辅助检查。\n流行病学史 该病传染性较强，密切接触的易感人群 90% 以上可患病，以冬春季节多见，好发于婴幼儿。\n典型临床表现 出现卡他症状，体温下降咳嗽症状加重，出现痉挛性阵发性咳嗽以及咳嗽终止时有鸡鸣样吼声，以夜间更为显著，无明显肺部体征。\n实验室检查\n血常规检查：起病早期及痉咳初期时，白细胞计数多增高，淋巴细胞比例增高达 60%～80%。约1/3 有继发感染者淋巴细胞相对减少。\n血清学检查：以百日咳杆菌作为抗原，以 ELISA 检测特异性 IgM，可作早期诊断。亦可检测百日咳杆菌抗体滴度 ≥1:320 为阳性诊断。\n细菌学检查起病初取鼻咽拭子，作细菌培养，早期阳性率较高；或者直接检测百日咳菌落是可靠方法。鼻咽拭子培养法可在阵咳后取咽后壁黏液，阳性率较高。\n应用百日咳杆菌克隆的基因片段对患者鼻咽分泌物进行杂交或 PCR 检查，特异性和敏感性均很高，且可快速诊断，但须结合临床资料进行诊断。\n因为发热、咳嗽等原因，百日咳可能和上呼吸道感染、肺结核等疾病混淆。医生需要通过做血清、细菌学检查来区别。其中上述实验室检查中，1、2 两项检查需静脉采血化验，简单、快捷，无较大痛苦。3、4 两项检查需采集分泌物检查，无创、准确性高，但价格稍昂贵。\n5.治疗：\n百日咳一般需要到儿科、感染科住院治疗。治疗方法主要有呼吸道接触隔离、药物等。药物治疗适用于症状比较重，需要留意疾病后续的并发症，如有肺部、脑部症状，大多数手 不佳，会有重症肺炎、肢体活动不佳等后遗症。\n一般治疗 该病一般需要住院治疗。按呼吸道隔离，保持室内空气新鲜、环境安静，避免一切可诱发咳嗽的因素。注意营养，精心护理，预防并发症，半岁以下的婴儿有突然出现室息、抽搐可能，需专人守护。\n抗生素治疗 应用于卡他期或痉咳早期，可减轻症状和缩短病程。首选红霉素。亦可选用罗红霉素、阿奇霉素。其他可用氨苄西林肌注或复方磺胺甲嗯唑 (TMP) 及 SMZ，疗程 7～14 天。\n对症治疗 祛痰止咳剂为沙丁胺醇，可减轻咳嗽，咳痰剧烈者，可给镇静剂如苯巴比妥、安定等。\n肾上腺皮质激素 对于危重患儿如并发脑病者，口服泼尼松或氢化可的松静脉滴注，应注意激素的副作用。\n6.生活：\n该病病程期间，需静养、休息，避免到人群密集的地方活动；\n在饮食上，注意多喝水、多吃水果、蔬菜；荤素搭配合理，烹饪时注意少放盐、少用含盐高的调料；少吃腌制菜、肉等；忌辛辣刺激；\n注意每天进行 30 分钟左右的运动，强度适中不过量；\n每天保证足量的睡眠。\n7.预防：\n该病好发季节，多开窗通风，避免到人群密集的地方活动；\n平时多饮水、清淡饮食，每天适度运动，慢跑、瑜伽、散步等活动，增加机体抵抗力；\n接种百日咳、白喉、破伤风(百白破)三联菌苗可预防本病。\n
感冒是什么病？,\n1.简介：\n感冒是由病毒引起的急性上呼吸道（鼻、咽、喉）感染的一种，常在换季和冬、春季节发病。\n目前主要用来指具有打喷嚏、鼻塞、流鼻涕、浑身不舒服、咳嗽、喉咙痛、头痛、低烧等症状的综合征。\n2.症状：\n常见的症状包括鼻塞、流鼻涕、咽痒、咽喉痛、咳嗽、声音沙哑、打喷嚏、流眼泪、头痛、头昏、疲乏、浑身不舒服、怕冷、低烧等。\n不同的病毒，引起的症状可能有所不同， 但不能仅依靠症状来判断是哪种病毒。\n比如，鼻病毒更容易引起鼻塞、流鼻涕、打喷嚏等鼻部症状；流感病毒和副流感病毒更容易引起疲乏、全身酸痛、头痛、发烧等症状；腺病毒更容易引起咽喉痛、发烧等症状。  \n3.病因：\n最常见的引起感冒的病毒是鼻病毒，大约一半的感冒是由它引起的。\n其它可以引起感冒的病毒还有冠状病毒、流感病毒、副流感病毒、呼吸道合胞病毒、腺病毒、肠道病毒等 200 余种病毒。\n4.诊断：\n最常见的引起感冒的病毒是鼻病毒，大约一半的感冒是由它引起的。\n其它可以引起感冒的病毒还有冠状病毒、流感病毒、副流感病毒、呼吸道合胞病毒、腺病毒、肠道病毒等 200 余种病毒。\n5.治疗：\n感冒是由各种病毒引起的，目前没有针对这些病毒的特效抗病毒药物，所以感冒可以说是「无药可医」。\n但感冒通常症状轻微，所以大部分人无需治疗，只需静待感冒自行痊愈，注意多喝水、多休息即可。如果 3～10 天症状没有缓解甚至还有加重，应及时去医院就诊。\n部分感冒患者如果症状较重、较难忍受，可以进行对症治疗，常用药物如下。\n6.生活：\n多休息；\n多喝水；\n吃清淡、易消化、富含营养的食物；\n保持室内通风；\n保持气温适宜，避免过冷和过热。\n7.预防：\n研究发现，注意手卫生可以预防呼吸道病毒传播，尤其是幼儿向他人的传播。 目前推行有效的「七步洗手法」，针对手上七个部位进行重点清洗，步骤如下：\n手心相对，清洗手掌、手心；\n手心对手背，清洗手背、指背；\n手指交叉，清洗手指、指缝；\n弯曲指关节紧扣搓揉，清洗指背、指甲；\n一手握住另一手拇指，清洗拇指、虎口；\n一手捏合在另一手的手心搓揉，清洗指甲、指尖；\n一手握住另一手手腕，清洗手腕。 \n8.就诊：\n推荐科室\n呼吸内科\n广州医科大学附属第一医院\n广州市沿江西路151号\n三级甲等\n中日友好医院\n北区:北京市朝阳区樱花园东街2号西区:北京市朝阳区双泉堡甲2号\n三级甲等\n四川大学华西医院\n四川省成都市武侯区国学巷37号\n三级甲等\n中国医学科学院北京协和医院\n北京市东城区王府井帅府园1号（100730）；北京市西城区大木仓胡同41号（100032）\n三级甲等
百日咳是什么病？,\n1.简介：\n百日咳是由「百日咳鲍特氏菌」引起的急性呼吸道传染病，患者表现为阵发性痉挛性咳嗽伴深长的鸡鸣样回声，病程可绵延数月，故称「百日咳」。\n2.症状：\n百日咳的典型表现包括阵发性咳嗽、吸入性哮声和咳嗽后呕吐。典型表现通常见于未接种疫苗的初次感染的 10 岁以下儿童，但也可见于接种过疫苗的儿童和成人。\n典型百日咳的病程分为三期：\n卡他期：\n临床表现与病毒性上呼吸道感染相似，表现为轻微咳嗽和卡他症状（流涕、打喷嚏、鼻塞），发热少见（通常为低热）。与病毒性上呼吸道感染不同，百日咳的咳嗽逐渐加重而不是逐渐减轻，且卡他症状持续表现为水样鼻分泌物。卡他期一般持续 1～2 周。\n痉咳期：\n咳嗽发作的严重程度增加。具特征性的阵发性咳嗽：呈一长串的咳嗽，其间很少吸气或不吸气，此时家长常常会怀疑宝宝会咳到憋过去；咳末伴一次深长吸气，发出一种特殊的、高调鸡鸣样吸气性回声，好象鹭鸶叫一样，所以又称为「鹭鸶咳」。\n如此反复，可咳出黏稠痰液。患儿可能会出现咳嗽后呕吐或吃奶后呛咳、面红唇绀（如图 1）和呼吸困难。在两次发作间隔期，患儿多无明显症状，可能有出汗发作。阵发性咳嗽可自发出现，也可由外界刺激诱发，在夜间更加明显。并发症最常发生在此期。\n3.病因：\n百日咳的病因就是感染了「百日咳鲍特菌」。\n4.诊断：\n医生通过询问病史、观察患儿的症状、进行体格检查，结合一些常规的抽血检查，就可以诊断百日咳。\n通过培养百日咳鲍特菌、检测百日咳抗体、进行百日咳 PCR 检测等方法，则可以明确诊断，这些检测需要抽血或沾取咽喉部分泌物。\n5.治疗：\n抗菌治疗：首选大环内酯类抗生素，如红霉素、阿奇霉素等，绝大多数 1 个疗程即可。\n液体和营养：无论儿童是住院治疗、还是在家照护，都应密切监测其液体和营养状态。必要时鼻胃管和静脉营养。\n咳嗽的处理：百日咳痉咳期最大的困扰是频繁剧烈的咳嗽，目前还没有特别有效的干预措施，所以予药物对症治疗还有待商议。\n保持呼吸道通畅：保持室内空气流通及环境安静舒适，避免刺激诱发患儿痉咳，如激动、剧烈活动、低温、吸痰吸鼻涕。因为极少发生窒息，所以一般不需要常规用药化痰及吸痰。\n积极治疗并发症：如合并心脑功能障碍者，给予相应的治疗。\n6.生活：\n很多百日咳患儿会有剧烈咳嗽导致呕吐的现象，而且患儿有可能不愿意进食。喂养方面可以少量多餐。\n7.预防：\n接种百白破疫苗。\n不要让孩子接触百日咳病人。\n对确诊百日咳病例的家庭内所有人和密切接触者（距离小于 1 米面对面接触、同一房间超过 1 小时、有过口腔或鼻分泌物的直接接触），以及任何接触过百日咳病例的高风险人群（婴儿、孕妇、免疫缺陷者、患有慢性肺疾病、照顾婴儿的人），要给予预防性用药（方案治疗用药）。即使这些人已经完全接种过百日咳疫苗。\n学校、托儿所要遵守隔离规定。\n8.就诊：\n推荐科室\n儿科\n复旦大学附属华山医院\n上海市乌鲁木齐中路12号、华山路433号、吴中东路518号、浦东新区红枫路525号、闵行区金光路958号、江苏路796号、宝山区陆翔路108号、同望路55号\n三级甲等\n浙江大学医学院附属第一医院\n杭州市庆春路79号\n三级甲等\n南方医科大学南方医院\n广州市广州大道北1838号\n三级甲等\n中国医学科学院北京协和医院\n北京市东城区王府井帅府园1号（100730）；北京市西城区大木仓胡同41号（100032）\n三级甲等
近视是什么？,\n1.简介：\n近视是屈光不正的一种。屈光不正是指眼睛的屈光作用发生异常。\n在调节静止状态下，也就是人眼放松状态下，远处的物体不能在视网膜聚焦，而在视网膜之前形成焦点，因而导致远方的物体模糊不清。\n2.症状：\n视力下降：近视眼最突出的症状是看不清远处物体，但近距离可以看清 。\n视疲劳：近视患者看不清远处物体，为了看清远距离物体，眼睛长时间动用调节，就像照相机一直在调焦距一样，会引起视疲劳。\n眼位外斜：由于近视眼看近时清楚，看远不清，当看远时，患者一般用视力稍好的那只眼看；而另一只眼经常不用，双眼内聚功能减弱。长时间另一只眼眼会偏向外侧，形成外斜视 。\n眼球变形突出 。由于近视，眼轴增长，眼球前后也会随之增长，造成眼球变形。\n眼底改变：低度近视眼眼底变化不明显，高度近视眼，因眼轴的过度伸长，可引起眼底的退行性改变，豹纹状眼底、近视弧形斑、巩膜后葡萄肿等，可能会导致包括视网膜脱离、视力进一步下降等严重后果 。\n3.病因：\n近视的原因有哪些？ 近视的产生原因至今依然不是十分明确，近视是由多种因素导致的， 近年来许多证据表明环境和遗传因素共同参与了近视的发生: 近视的原因有哪些？ 近视的产生原因至今依然不是十分明确，近视是由多种因素导致的， 近年来许多证据表明环境和遗传因素共同参与了近视的发生:\n遗传因素：\n研究认为高度近视眼的双亲家庭，下一代近视的发病率较高。\n环境因素：\n近视眼的发生和发展与近距离用眼的关系非常密切。\n青少年的眼球正处在生长发育阶段，调节能力很强，眼球壁的伸展性也比较大，阅读、书写等近距离时，不仅需要眼的调节作用的发挥，双眼球还要内聚，这样眼外肌对眼球施加一定的压力，久而久之，眼球的前后轴就可能变长， 导致近视的发生。\n且视觉环境的影响也很重要，视野不够开阔，也会增加发生近视的风险 。\n4.诊断：\n眼部检查包括不戴镜的裸眼视力、戴镜的矫正视力、眼压测定等，并用电脑验光、散瞳检影，还采用角膜地形图、角膜测厚仪、裂隙灯等检查角膜厚度及曲率半径以及眼底检查。这些检查是为了全方位了解眼睛的屈光能力、角膜情况以及眼底情况 。\n5.治疗：\n目前近视的治疗主要有下面几种方法：\n框架眼镜矫正：配镜的原则应采取同样可使近视眼的视力矫正到最佳视力的最低度镜片，争取能够保持舒适和双眼视觉功能。\n角膜接触眼镜矫正：也就是隐形眼镜。但一定要注意清洁卫生，按要求消毒保养和定期更换。\n屈光手术：常用的激光手术方式有：准分子激光角膜切削术 (PRK)、准分子激光角膜原位磨镶术 (LASIK)、准分子激光上皮瓣下角膜磨镶术 (LASEK)、有晶体眼的人工晶体植入术（ICL，好比把一个迷你眼镜片安到眼球里面） 。\n6.生活：\n正确戴镜度数不会越戴越深，近视眼患者戴用合适的眼镜，注意用眼卫生，近视度数会稳定在一定水平。\n配镜后要长期戴，患了近视同时已确诊为真性近视、度数在 100 以上时，就应该配戴合适的近视眼镜加以矫正，戴镜不仅是为了提高视力，而且是在适当距离内读书和工作，使眼睛的调节和辐辏机能间有正常的协调关系，避免眼睛疲劳。\n7.预防：\n近视的预防需要我们从小做起，首先，是重视环境建设，学校必须根据学生身体发育的实际情况严格标准来配备相应的、合适的课桌椅，避免学生使用过高或过低的课桌椅，确保学生课桌距黑板有足够的距离。\n家庭中需要注意为孩子购买合适的桌椅、高质量的台灯，电视、电脑显示屏的选购尽量顾及到儿童的视力健康。\n要保证充足的睡眠，劳逸结合，平衡饮食，合理营养等，应特别注意合理用眼，避免过度用眼与不良视觉刺激。\n正确的读写姿势，看书写字距离 30 cm，连续看书一小时左右，要休息片刻，或者向远处眺望一会儿，不要在光线昏暗或者直射阳光下看书、写字，不要躺在床上和走路时或者在动荡的车厢里看书。\n校园里要普及近视的预防知识，培养健康的用眼行为，建设健康的用眼环境，增加日间户外活动扩宽视野。建议儿童的日间户外活动可达 3 小时，观看电子产品控制在 1 小时以内。\n定期进行眼部视力筛查，及时发现近视或者其他屈光不正问题，并进行矫正。\n若已出现近视趋向，减缓或终止近视发展的措施，包括配镜、药物、手术等。\n8.就诊：\n推荐科室\n眼科\n中山大学中山眼科中心\n广州市先烈南路54号、金穗路7号\n三级甲等\n首都医科大学附属北京同仁医院\n北京市东城区东交民巷1号\n三级甲等\n复旦大学附属眼耳鼻喉科医院\n上海市徐汇区汾阳路83号；分部地址：宝庆路19号 ；浦江院区：江月路2600号\n三级甲等\n浙江大学医学院附属第二医院\n解放路院区： 浙江杭州市解放路88号 (310009) 滨江院区： 浙江省杭州市滨江区江虹路1511号 (310052) 江干院区： 浙江省杭州市江干区源聚路300号（310000） 校医院院区： 杭州市西湖区余杭塘路866号浙江大学紫金港校区内（310058）\n三级甲等\n
散光是怎么回事？,\n1.简介：\n散光是比较大的概念，简单说，散光是由于角膜或者晶状体的曲面不是完美的弧形曲线，导致物体的影像进入眼睛在视网膜上形成投影的时候，无法形成清晰的一个像，而导致患者看不清的一种屈光异常 。\n散光很常见，每个人或多或少都存在一定度数的散光，只是有些人散光度数较轻，平时察觉不出来。\n一般低度散光，没有视力下降和眼部不适者可以不予以干预；如果存在视力下降或者视疲劳等不适症状，可以通过各种手段予以干预矫正。\n2.症状：\n最常见的表现便是视物不清、单眼看东西重影，因此也常常会出现视疲劳（出现眼痛、流泪、看书错行等症状），看远处或近处的物体均眯眼。\n其他表现：晚上看到眩光和光晕、头痛、夜间视物不清等。\n如果出现上述症状导致日常活动受到影响时，最好找专业的眼科医生，明确一下具体原因，因为一些其他的眼科病（比如白内障）也会有这些症状。\n3.病因：\n散光的发生是由于眼睛角膜或晶状体的不规则曲面引起的。遗传因素、眼部疾病、眼部受伤或手术都会出现散光。\n遗传因素：许多婴儿出生时会伴有散光，通常一周岁之前消失，具体原因不明。\n眼部疾病：由于角膜先天形态异常或者后天眼睑、角膜病变等读对角膜进行压迫，可引起不同程度散光。\n眼部受伤：如眼部外伤影响到角膜时会引起散光。\n眼部手术：如内眼手术、角膜手术。如果在手术过程中损伤到角膜或晶状体时，会引起散光。\n不良用眼习惯：比如学龄前儿童（3 周岁至 6～7 岁入小学前）电子屏幕接触时间过长（每天超过 2 小时）时，会影响晶状体发育，影响角膜的形状，增加散光的发生的可能 。\n值得注意的是，在较暗的光线下读书或者坐得离电视太近是不会引起散光的。\n4.诊断：\n散光往往需要视力检查和屈光检查，而屈光检查主要为验光检查，包括：角膜曲率计检查、检影验光或电脑验光、镜片测度仪检测以及主观验光、双眼平衡、试戴眼镜等。对于散光度数较高的患者还需要进行角膜地形图检查。\n5.治疗：\n一般的规则散光（一般是角膜先天性不正常变化所致）可以通过佩戴矫正镜（框架眼镜、接触镜）、屈光手术来矫正。\n不规则散光（一般是角膜受损，屈光面凹凸不平所致）比较少见，治疗比较困难，一般框架眼镜无法矫正，可以尝试角膜接触镜。\n6.生活：\n鉴于一些不良的用眼习惯会加重散光，所以在日常生活中应该保持正确的用眼习惯。比如在电脑前工作 10 分钟后向 30 米开外的地方眺望 10 秒或适当地眨眼。\n散光对乘飞机、极限运动及高原旅行并没有太大影响，但是如果合并高度近视（近视程度＞600 度）则应该尽可能避免极限运动，如跳伞、跳水或潜水等运动。\n7.预防：\n没有特殊措施可以预防散光的发生。但是如果患有圆锥角膜的风险，要避免揉眼睛。也但是可以通过一些措施来避免散光加重。比如在电脑前工作 10 分钟后向 30 米开外的地方眺望 10 秒或适当地眨眼；对于学龄前儿童来说，每天控制使用电子产品的时间（不超过 2 小时）。\n8.就诊：\n推荐科室\n眼科\n中山大学中山眼科中心\n广州市先烈南路54号、金穗路7号\n三级甲等\n首都医科大学附属北京同仁医院\n北京市东城区东交民巷1号\n三级甲等\n复旦大学附属眼耳鼻喉科医院\n上海市徐汇区汾阳路83号；分部地址：宝庆路19号 ；浦江院区：江月路2600号\n三级甲等\n浙江大学医学院附属第二医院\n解放路院区： 浙江杭州市解放路88号 (310009) 滨江院区： 浙江省杭州市滨江区江虹路1511号 (310052) 江干院区： 浙江省杭州市江干区源聚路300号（310000） 校医院院区： 杭州市西湖区余杭塘路866号浙江大学紫金港校区内（310058）\n三级甲等
贫血是什么？,\n1.简介：\n贫血是指人体外周血中红细胞或者血红蛋白不足，不能对组织器官充分供氧的一类临床综合征。可引起头痛、头晕、失眠、心慌、皮肤黏膜苍白等症状。\n贫血的原因主要包括铁缺乏，叶酸缺乏，维生素 B12 缺乏，妊娠，病毒感染，长期接触 X 射线、镭等。此外，部分贫血也可由遗传因素导致。\n由于贫血的病因较为多样，因此，本病没有统一的治疗方法。一般需根据病因给予治疗，经治疗后多可缓解。\n2.症状：\n贫血的症状一般与贫血的病因、血红蛋白下降的程度、贫血的发生速度等因素有关，具体如下：\n皮肤黏膜： 贫血后，面色、睑结膜、甲床（指甲颜色）、口唇颜色等会变得苍白，若贫血继续发展，皮肤会出现粗糙、皲裂等。\n神经系统： 表现为头晕、耳鸣、失眠、晕厥、视觉盲点、记忆力下降、肢端麻木，小儿贫血还会出现哭闹不安。\n呼吸系统： 表现为活动后呼吸加快加深，重度贫血时还有可能会出现气短，端坐呼吸（指患者为了减轻呼吸困难被迫采取端坐位或半卧位的状态）。\n循环系统：表现为安静状态下或活动后心跳加快、心慌等。\n消化系统：表现为消化不良、腹胀、食欲减退、便秘或者腹泻等。缺铁性贫血的患者还会有吞咽异物的感觉。而异食癖是缺铁性贫血的特殊表现（患者会吃一些泥土、头发、树叶等不是食物的东西）。\n泌尿系统：重度失血性贫血患者可能会出现少尿或无尿的症状。\n生殖系统：女性会出现月经周期紊乱，月经量增多或减少。\n免疫系统： 免疫力减低，儿童尤为显著，表现为容易生病。\n3.病因：\n不同类型的贫血，发生的原因也不同，生活中较为常见的有以下几种：\n缺铁性贫血：主要由铁摄入不足、铁吸收障碍、铁丢失过多导致。\n铁摄入不足：当铁需求量增加而未及时补充含铁丰富的食物时，就容易发生缺铁性贫血。\n铁吸收障碍：特别是胃大部切除后，食物会快速进入肠道，导致铁吸收减少，进而导致贫血。\n铁丢失过多：慢性失血导致铁丢失而得不到纠正也会造成贫血。\n巨幼细胞贫血：主要由缺乏叶酸及维生素 B12 导致，长期不吃富含叶酸及维生素 B12 的食物会发生贫血。\n再生障碍性贫血：可能与病毒感染（肝炎病毒等），使用氯霉素类抗生素、磺胺类药物、化疗药，长期接触X射线、镭等放射性元素有关。\n溶血性贫血：可能与遗传、血型不相容、疾病（弥散性血管内凝血、败血症、疟疾等）或者一些理化因素（大面积烧伤、亚硝酸盐中毒等）有关。\n失血性贫血：短时间内大量失血或长期慢性失血均会导致贫血的发生。\n4.诊断：\n临床上一般以血液中血红蛋白浓度来评价是否发生贫血。\n我国血液病学家认为在我国海平面地区，成年男性血红蛋白 <120 g/L，成年女性（非妊娠）血红蛋白 <110 g/L，孕妇血红蛋白 <100 g/L 即为贫血。\n国外一般都以 1972 年世界卫生组织制定的诊断标准为基础，即在海平面地区，6个月到小于 6 岁的儿童血红蛋白 <110 g/L，6～14 岁儿童血红蛋白 <120 g/L，成年男性血红蛋白 <130 g/L，成年女性血红蛋白 <120 g/L，孕妇血红蛋白 <110 g/L。\n5.治疗：\n治疗贫血的关键在于找到贫血的原因，然后针对病因进行治疗，才能有效纠正贫血。\n药物治疗：\n铁剂：常用的有硫酸亚铁、右旋糖酐铁等，可补充人体所需的铁，适用于缺铁性贫血的患者。但可能会出现恶心、呕吐、牙齿变黑的情况，因此最好选择在餐后服用。\n叶酸、维生素 B12：可补充人体所需的叶酸、维生素 B12，适用于巨幼细胞贫血的患者，偶见腹胀、恶心等不良反应。\n环孢素＋雄激素：环孢素可以抑制 T 淋巴细胞对造血细胞的破坏，使机体恢复正常的造血功能，而雄激素可以刺激骨髓造血，两者联合使用治疗再生障碍性贫血效果较好，但可能引起消化道不适、肝肾功能损害等。\n糖皮质激素：常用泼尼松、地塞米松等，可降低机体免疫反应，适用于自身免疫性溶血性贫血患者。但可能引起体重增加、下肢浮肿、肌无力、恶心、呕吐等不良反应，不宜长期大剂量使用。\n手术治疗：\n脾切除术：脾脏是红细胞发生破坏的主要场所，切除脾脏可以有效改善贫血。适用于激素治疗无效或不能耐受激素的自身免疫性溶血性贫血患者。\n造血干细胞移植：可彻底治愈再生障碍性贫血，但患者在治疗前须接受大剂量的化疗，然后再回输造血干细胞。但移植后可能会出现移植物抗宿主病，表现为皮肤充血、痒痛、腹泻、恶心、呕吐等。\n对症治疗： 适用于贫血症状严重的患者。\n重度贫血、急性大量失血的患者应立即输血和（或）止血，迅速恢复血容量并纠正贫血。\n对贫血合并感染者，需进行抗感染治疗。\n6.生活：\n由于贫血会导致患者的机体耐受力有不同程度的降低，所以在生活中，患者要注意休息，劳逸结合，避免过度疲劳，以劳动后不感觉疲乏、头晕为宜。尽量不要从事重体力劳动（如搬运重物等），或者可在劳动期间增加休息的时间。\n加强锻炼，增强体质，增加机体抗病能力。中老年人可以打太极、跳广场舞；年轻人可以选择慢跑、瑜伽等方式。避免剧烈或对抗性强的运动，如篮球、拳击等。\n7.预防：\n膳食均衡，荤素搭配合理，不挑食，不偏食。\n婴儿满 6 个月后应在母乳喂养的基础上添加辅食。\n定期体检，以便于早发现早诊治。贫血易发人群应增加体检频率。\n存在于原发疾病的患者应及时就医，积极治疗原发病。\n不过量喝咖啡浓茶等饮品。\n8.就诊：\n推荐科室\n血液科\n复旦大学附属儿科医院\n上海市万源路399号、第二执业点：医学院路130号\n三级甲等\n首都医科大学附属北京儿童医院\n北京市西城区南礼士路56号\n三级甲等\n北京大学第一医院\n北京市西城区西什库大街8号\n三级甲等\n浙江大学医学院附属儿童医院\n杭州市拱墅区竹竿巷57号\n三级甲等
烫伤是什么？,\n1.简介：\n烫伤是指由热力引起的组织器官损伤，包括火焰、灼热的液体、高温气体、炽热金属等，是生活中常见的意外伤害，属于烧伤范畴。但有些热源如热水袋、暖宝宝等，温度相对较低，若长时间接触，也能造成皮肤的烫伤，此类烫伤一般称为低温烫伤。\n老人、儿童、行动不便者、感觉减退者（如糖尿病周围神经病变患者）是烫伤的高发人群。\n烫伤后根据烫伤严重程度的不同，需采取不同的措施进行处理。\n2.症状：\n烫伤属于烧伤范畴，评估其严重程度的标准是受损面积和深度。\n烫伤面积的评估较为专业，不同性别、年龄评估起来均有差异，一般由医生及专业人员进行评估，暂不详述。\n烫伤深度可分为 Ⅰ 度、浅 Ⅱ 度、深 Ⅱ 度、Ⅲ 度，具体表现如下：\nⅠ 度： 仅伤及皮肤表皮浅层，受伤部位呈红斑状、干燥，有烧灼感。，一般 3～7 天痊愈，不留瘢痕，短期内有色素沉着。\n浅 Ⅱ 度： 伤及生发层和真皮乳头层，局部红肿明显，多有水疱，水疱内有淡黄色澄清液体。疱皮若剥脱可见创面红润、潮湿，疼痛明显。如无创面感染，一般 1～2 周愈合，不留瘢痕但多数会有色素沉着。\n深 Ⅱ 度： 伤及真皮乳头层以下，有水疱，疱皮破损后可见创面微湿，红白相间，痛觉较迟钝，如无感染需 3～4 周愈合，有瘢痕。\nⅢ 度： 全皮层毁损甚至伤及肌肉或骨骼，创面无水疱，呈蜡白、焦黄甚至炭化，硬如皮革，干燥，无渗液，痛觉消失，必须靠植皮愈合。\n3.病因：\n日常生活中的烫伤非常常见，如接触火焰、沸水、热油、蒸汽、热金属、化学物质等均可引起烫伤。\n此外，长期使用热水袋、暖宝宝等温度相对较高的物品也有可能会造成皮肤的烫伤。\n4.诊断：\n一般情况下，医生根据患者的症状，再结合受伤史（判断是否接触火焰、沸水、热油、蒸汽、热金属、化学物质等），基本上就可以做出初步诊断。\n虽然本病不难诊断，但为了进一步了解患者的全身情况及确定相应的治疗方案，医生可能还会开具血常规、血生化、血气分析检查。\n5.治疗：\n去除热源：脱去衣物和不利于散热的物品，但需注意不能强行去除，以免撕脱表皮。必要时可以用剪刀剪开衣服，剪刀头向上，避免尖锐的剪刀伤到周围皮肤或组织。\n冷水冲洗：在脱离热源后尽早用冷水持续冲洗或浸泡创面，可以有效减轻水肿，缓解疼痛。但冷水冲洗有效发挥作用时间较为短暂，一般持续15～20 min，超过 30 min 后其效果会明显降低。如果烫伤的是还比较小的宝宝，而烫伤的面积较大，需注意观察宝宝体温。\n保护创面：产生水疱时不可擅自弄破水疱或剪去疱皮，以免创面暴露引发感染。因此，可用干净敷料或布类保护。\n及时就医：烫伤面积较大、深度较深的患者须在及时冷疗后送往医院进行止痛、补液、抗休克治疗等后续治疗。\n6.生活：\n烫伤面积较小、深度较浅的情况下，裸露创面即可，避免碰撞、刮擦等刺激造成二次损伤。\n如创面或水疱较大，可在咨询医务人员后，用干净敷料或布类保护并简单包扎。切勿在未咨询医务人员的情况下自行敷药、挑破水疱，以免引起感染。\n若创口疼痛加剧，发红、肿胀的情况明显，需警惕感染的可能性，应及时前往医院就诊。\n7.预防：\n儿童、老人、行动不便者、糖尿病患者应远离厨房等可能造成烫伤的场所，同时尽量避免接触沸水、热油等。\n化学物品应妥善保管，如浓硫酸等，相关人员操作化学物品的过程中应严格按照规范流程，防止操作不当引起的烫伤。\n从事高温工作的人群在工作中应注意安全，如厨师在做菜时可以带好手套、袖套，以减少被烫伤的几率。\n8.就诊：\n推荐科室\n皮肤科\n中国医学科学院北京协和医院\n北京市东城区王府井帅府园1号（100730）；北京市西城区大木仓胡同41号（100032）\n三级甲等\n山东大学齐鲁医院\n济南市文化西路107号；济南市高新区天辰路2000号；济南市历下区南新街66号；济南市市中区望岳路1938号4号楼；济南市市中区东山路1号C7号5-7层\n三级甲等\n四川大学华西医院\n四川省成都市武侯区国学巷37号\n三级甲等\n浙江大学医学院附属第二医院\n解放路院区： 浙江杭州市解放路88号 (310009) 滨江院区： 浙江省杭州市滨江区江虹路1511号 (310052) 江干院区： 浙江省杭州市江干区源聚路300号（310000） 校医院院区： 杭州市西湖区余杭塘路866号浙江大学紫金港校区内（310058）\n三级甲等
偏头痛是什么？,\n1.简介：\n偏头痛是原发性头痛的一种，即不由其它疾病所引起，表现为头的一侧疼痛或两侧都痛，以搏动性头痛或「跳痛」多见。多为反复发作，发作期间常伴食欲下降或恶心，重者甚至出现呕吐；体力活动或声、光刺激等均可加重症状，安静休息可缓解。偏头痛病因尚不明确，可能是遗传、内分泌、精神或饮食等多种因素共同作用的结果。\n偏头痛是一种常见良性疾病，通常可通过远离诱因、健康生活等非药物治疗和药物治疗得到有效控制，一般不会造成严重后果。但若不及时处理，不仅会给患者的生活和工作带来负担，还会逐渐影响患者的心理健康。\n2.症状：\n顾名思义，无先兆偏头痛多没有明确的先兆症状，常常表现为单侧或双侧太阳穴附近及眼眶周围的搏动性疼痛。\n这种偏头痛每次发作持续时间较长，头痛症状可能持续数天，发作频率高，但是程度相对比有先兆的头痛轻，可伴随恶心、呕吐、出汗、畏光、畏声等症状。\n3.病因：\n偏头痛的病因至今未完全研究明白，是多个因素共同作用的结果，包括但不限于遗传、内分泌、精神及饮食等因素有关，其发病机制尚需进一步研究。\n以往也有研究认为，偏头痛发作与血管扩张有关，偏头痛先兆症状与血管收缩有关，而酪氨酸过量可能引发血管扩张，因此富含酪氨酸的柑橘类食物常被认为可能引发偏头痛发作，但后续学界对此予以了否定。    \n4.诊断：\n偏头痛的诊断主要根据典型的临床表现、家族史等。必要时可利用影像学检查，如头颅 CT、头部磁共振成像等，排除其它疾病后作出诊断。\n5.治疗：\n偏头痛的治疗方法包括药物治疗和非药物治疗：\n药物治疗：可用于控制偏头痛的药物有很多种，可以分为头痛发作时吃的药和平时预防头痛吃的药。\n非药物治疗：主要是指患者教育，患者可以在医生帮助下了解偏头痛，找到个人的发病诱因，并对诱发因素进行预防，保持健康的生活方式。\n此外，偏头痛患者可能在经历一些情绪波动。如果你患有偏头痛，在缓解症状的同时，你可以通过冥想、运动等生活方式来改善情绪，或是借助心理咨询走出情绪困境。如果你身边有人患有偏头痛，请给予他们理解与关爱。\n6.生活：\n和饮食一样，偏头痛患者在生活上也应注意避免可能的诱因：\n当精神压力大、情绪紧张时，学会自我调节。\n保证充足的睡眠，避免过度劳累。\n不要吸烟，避免饮酒。\n坚持运动。\n针对强光、异味或噪音等诱因，做好防护，比如外出佩戴墨镜或口罩，准备防噪音的耳塞等。\n在疾病发作期，以休息静养为主。\n7.预防：\n记录「头痛日记」，避免诱因\n部分患者发现其偏头痛由某些因素诱发，避免其中某些因素可降低发生偏头痛的几率。患者可记录个人的「头痛日记」，即写下每次偏头痛发作，以及发作前吃了什么和做了什么，以便找出需要避免的饮食或行为。此外，也可记录用药情况及该药是否有效。\n学会放松身心，必要时进行药物预防性治疗\n如果偏头痛频繁发作或较严重，医生会建议采取其它方法来帮助预防。例如，学习放松技巧和压力管理方法、使用某些药物可能会有帮助。某些女性会在月经前后或月经期间出现偏头痛，药物也可用于预防这种情况的偏头痛。\n8.就诊：\n推荐科室\n神经内科\n中国医学科学院北京协和医院\n北京市东城区王府井帅府园1号（100730）；北京市西城区大木仓胡同41号（100032）\n三级甲等\n首都医科大学附属北京天坛医院\n北京市丰台区花乡桥东北角（西南四环内）\n三级甲等\n首都医科大学宣武医院\n北京市西城区长椿街45号\n三级甲等\n复旦大学附属华山医院\n上海市乌鲁木齐中路12号、华山路433号、吴中东路518号、浦东新区红枫路525号、闵行区金光路958号、江苏路796号、宝山区陆翔路108号、同望路55号\n三级甲等
韧带损伤是什么？,\n1.简介：\n韧带是人体中固定骨骼和固定内脏的致密结缔组织。当突然踩空、剧烈体育运动、重体力劳动或遭遇车祸等情形时，关节处附着的韧带受到牵拉可造成韧带损伤。最容易发生关节韧带损伤的部位在膝关节和踝关节。\n韧带损伤包括韧带拉伤、韧带部分断裂和完全断裂三种情形。\n韧带损伤后一般均有小血管破裂而出血，引起局部疼痛、肿胀、瘀斑、血肿、活动障碍、压痛。如果韧带完全断裂，关节稳定性就会下降。\n韧带损伤的治疗主要是通过损伤后的急救处理和韧带修复而实现。\n2.症状：\n韧带损伤的常见症状有局部疼痛肿胀、活动障碍，牵拉韧带时疼痛会加剧。\n如果韧带完全断裂，则出现关节不稳，严重者会发生关节脱位，也就是我们日常生活中所说的「脱臼」。\n3.病因：\n踝关节的扭伤在日常活动中最常见。比如各种球类运动、意外踩空、高跟鞋走路不稳等。\n固定踝关节的主要是内侧副韧带外侧副韧带，分别在脚踝的内侧和外侧。内侧副韧带较坚韧，外侧副韧带较薄弱，故常见的是踝关节外侧副韧带损伤，治疗不当容易造成关节囊的松弛，继而出现踝关节的反复韧带损伤。\n4.诊断：\n踝关节的扭伤主要是踝关节外侧副韧带损伤，其诊断主要是依靠病史的采集、体格检查和 X 线、MRI 检查等。\n其中 X 线便于早期排除骨折，MRI 能够进一步发现韧带损伤。\n5.治疗：\n建议「RICE」原则：休息 Rest、冰敷 Ice、加压包扎 Compression、抬高患肢 Elevation。具体步骤如下：\n休息：损伤后千万不要继续活动。\n冰敷：用毛巾包着冰块冷敷，或冷水冲洗以达到消肿目的。比如「崴脚」后的 24 小时内进行冷敷，冷敷每次 30 分钟，每次间隔 2～3 个小时。\n加压包扎：对于不太严重的韧带损伤，可以根据情况进行简单的包扎固定。\n抬高患肢：把受伤的那只脚抬高超过心脏水平，以减少静脉回流带来的肿胀。\n6.生活：\n受伤后最早一周的治疗是最重要的，在没有专业医师的指导下，最好不要外用药物，包括各种喷雾、膏药等。避免造成皮肤过敏，延误最佳等治疗时机。\n此外还要避免按摩和热敷，以免加重损伤。\n总而言之，简单来说：局部制动，尽早就医。\n7.预防：\n要重视运动和比赛前的热身，充分的热身有提高机体神经系统的兴奋性，降低肌肉的粘滞度，提高关节和韧带的活动范围和能力。\n通过徒手进行全身各关节的活动和 10 分钟左右的慢跑，基本可以达到热身的目的。\n如果在户外活动，热身的过程还有助于了解周边环境，避免意外事故的发生。\n8.就诊：\n推荐科室\n骨科\n中国医学科学院北京协和医院\n北京市东城区王府井帅府园1号（100730）；北京市西城区大木仓胡同41号（100032）\n三级甲等\n中国人民解放军总医院\n北京市海淀区复兴路28号\n三级甲等\n四川大学华西医院\n四川省成都市武侯区国学巷37号\n三级甲等\n复旦大学附属中山医院\n上海市枫林路180号\n三级甲等
骨折是什么？,\n1.简介：\n顾名思义，就是指骨头的完整性及连续性完全或部分断裂的一种疾病。多见于老年人 ，中青年也时有发生。病人常为一个部位骨折，少数为多部位骨折。经及时恰当处理，多数病人能痊愈，恢复肢体原来的功能，少数病人可留有不同程度的后遗症，如骨折延迟愈合、骨折不愈合、骨折后畸形等 。\n2.症状：\n患者骨折后通常有以下表现：\n疼痛：骨折后，患者骨折处会出现剧烈疼痛，若移动骨折处肢体，疼痛会加剧 ；\n肿胀：骨折时，周围的组织血管会破裂出血，在骨折的地方形成血肿及软组织损伤导致的水肿，可导致骨折处严重肿胀 ；\n功能障碍：肢体不能正常活动；\n畸形：骨折端移位，可使肢体外形发生改变，主要表现为短缩、成角或旋转畸形 ；\n异常活动：正常情况下肢体不能活动的部位，骨折后会出现异常的活动 ；\n骨擦音或骨擦感：骨折后，两骨折端相互摩擦时，可产生骨擦音或骨擦感 。\n一般情况下当受伤部位出现畸形、异常活动、骨擦音时，医生就会初步判断患者发生骨折了。  \n3.病因：\n直接暴力：是导致骨折的最常见原因，指骨折发生在暴力直接作用的部位，如出车祸小腿被撞击后发生的骨折 。\n间接暴力：指暴力通过传导、杠杆或者旋转作用，使远处发生骨折，如患者跌倒时，用手掌撑住地面，由于上肢与地面的角度不同，可能会导致桡骨（大拇指侧的手臂骨头叫做桡骨）远端（远离身体的一端）骨折 。\n疲劳性骨折（积累劳损）：因骨骼长期受到反复集中的轻微损伤使之发生骨折，叫做疲劳性骨折。好发于骨骼应力集中的部位，如跖骨和腓骨，比较容易发生在负重行军的士兵、长跑运动员等人群。患者通常无典型的外伤史，但愈合比较慢。早期 X 线平片检查通常无法发现这类骨折，因此容易漏诊或误诊。\n病理性骨折：指在某些疾病基础上出现的骨折。最常见的原因是骨的原发性或转移性肿瘤，其他可能导致病理性骨折的因素还有严重的骨质疏松、内分泌紊乱以及骨与软骨的发育障碍性疾病等。与单纯外伤性骨折不同，病理性骨折的骨骼预先被某些病侵蚀、破坏、蛀空，再遇到轻微的外力，甚至没有外力只因自身的正常活动就可能自发骨折 。\n4.诊断：\n凡是怀疑为骨折的患者应先进行常规的 X 线拍片检查，可显示出临床上难以发现的不完全性骨折、深部的骨折、关节内骨折和小的撕脱性骨折等。通过 X 线片可以观察到骨折是否移位及移位方向。\n即使临床上已经表现为明显骨折的患者，在 X 线拍片检查也是必要的，可以帮助了解骨折的类型和具体情况，对治疗具有指导意义 。通过 X 线检查还可以初步了解骨折是新鲜的还是陈旧的。\n5.治疗：\n治疗方法主要有保守治疗及手术治疗方法。根据骨折部位骨折类型的不同，不同的骨折需要采用不同的治疗方法。\n目前骨折的保守治疗方法包括：手法复位石膏或夹板外固定、牵引等。\n手法复位：医生通过手法使骨折处进行复位 。\n恢复骨骼正常的解剖结构；\n或者经过复位后虽然骨折的两端没有恢复到正常的解剖结构，但是在骨折愈合后对肢体功能没有明显影响。\n夹板外固定 是指使用有弹性的板子固定住骨折部位的肢体，目前很少应用 。\n牵引有复位和外固定的作用，通常使用在颈椎骨折拖尾、股骨骨折等 。\n手术治疗方法包括切开复位内固定术、切开复位外固定术、髓内钉植入内固定术、关节成形术等，以下介绍 2 种常见的：\n切开复位内固定术：切开复位是指手术切开骨折部位的软组织，将骨折的部位暴露出来，在直视下进行复位。然后使用接骨板、螺钉等金属固定物将已经复位的骨折进行固定。一般用于关节内骨折、多处骨折等情况，切开复位内固定术固定牢靠，方便护理；但是比较容易增加局部软组织的损伤程度，影响愈合时间，易发生感染 。\n切开复位外固定术：在切开复位后，使用石膏绷带、固定支具等固定物将已经复位的骨折进行固定。\n6.生活：\n骨折病人不必「忌口」，对饮食没有什么特殊限制，但是不要吸烟，因为吸烟会加速骨丢失，导致骨折恢复减慢 。\n骨折早期常有大便秘结，卧床病人更多见，宜多食含纤维素多的蔬菜、粗粮、薯类、豆类、柑橘类水果，必要时服用通便药物。卧床病人易发生尿路感染和尿路结石，宜适当多饮水利尿 。\n7.预防：\n坚持锻炼，强身健体：不仅可以增加身体的灵活性、协调性，还可以预防骨质疏松。\n注意补钙：适度晒太阳以补充维生素 D，也可以多吃一些含钙丰富的食品，如牛奶、鸡蛋、豆类等。如果确诊有骨质疏松，则需要在医生的指导下坚持补钙、补充维生素 D 。\n提高安全意识：生活中要提高安全意识，防止意外事故造成的造成骨折。\n老年人的特殊注意事项：老年人容易摔倒、骨折，因此老年人要特别注意以下几点：\n地面使用防滑材料，地面保持干燥。\n室内采光充足。\n家具摆放不挡路，小儿玩具及时整理，常用物品不放在高处。\n浴室安装扶手、防滑垫，夜间保留夜灯照明。\n老人起身、起床时，要慢慢改变体位，防止晕倒、摔倒。\n有眼睛疾病的，要及时治疗。\n8.就诊：\n推荐科室\n骨科\n上海市第六人民医院\n上海市宜山路600号、上海市浦东新区南汇新城环湖西三路222号、小洋山岛观海西路9号、浦东新区龙阳路2345号\n三级甲等\n北京积水潭医院\n北京积水潭医院新街口院区地址：西城区新街口东街31号 北京积水潭医院回龙观院区地址：昌平区回龙观镇回南北路68号\n三级甲等\n中国人民解放军总医院\n北京市海淀区复兴路28号\n三级甲等\n北京大学第三医院\n北京市海淀区花园北路49号\n三级甲等
颈椎病是什么？,\n1.简介：\n颈椎病，又称颈椎综合征，是指颈椎间盘退行性病变、颈椎肥厚增生以及颈部损伤等引起颈椎骨质增生或椎间盘脱出、韧带增厚，刺激或压迫颈脊髓、颈部神经、血管而产生一系列症状的临床综合征。\n简单讲，就是颈椎的骨骼或者韧带等其他组织出现异常的增生，骨骼位置出现改变，病变的骨骼或者组织压迫颈椎周围的血管、神经、脊髓，导致出现一系列症状。常见的症状有颈肩部疼痛、麻木、活动不灵活、头晕、耳鸣等，甚至出现四肢瘫痪。\n经过正规医生的确诊后，判断颈椎病的严重程度，可选择的治疗方式也不一样，从轻到重可有：改变工作生活习惯、康复锻炼、药物治疗、理疗、手术治疗等。绝大多数颈椎病通过适合的治疗方法可以有效缓解症状，特别是病情较轻、诊断比较明确的颈椎病，治疗效果越好。\n2.症状：\n在六类颈椎病中，以下四类是最常见的：\n神经根型：主要表现为受压迫的神经根对应区域的疼痛、感觉异常、麻木、活动不灵活，仰头、咳嗽、打喷嚏时症状可加重。治疗及时，大部分患者症状可以得到缓解。\n脊髓型：疾病早前早期疾病表现可为单腿或双腿麻木，不加以及时治疗，可发展为行走困难、大小便失禁甚至瘫痪。\n交感神经型：症状表现可有多种：\n头颈症状：头晕、头痛、颈部麻木、颈部疼痛；\n眼部症状：眼睑下垂（下眼皮耷拉）、视物模糊、；\n心脏症状：心跳加速或减慢、心口疼；\n周围症状：躯干肢体、发麻或疼痛；\n耳部症状：耳鸣、耳聋等。\n椎动脉型：早期症状一般不明显，症状加重时，只要颈部向某个方向转动一下，当即出现眩晕，甚至感到天旋地转。有时伴有头疼、恶心呕吐、耳鸣、视物不清、突然晕倒等其他症状。\n3.病因：\n颈椎病是一种以退行性病理改变为基础的疾病，常见的病因有以下四种，前两者是主要原因：\n颈椎的退行性变：随着年龄增长，颈椎会出现退行性变，如颈椎增生、椎间盘突出等；\n慢性劳损：最常见到的原因是长时间低头工作，长时间看电脑、看手机、开车等也会造成慢性劳损；\n发育性颈椎椎管狭窄：多为先天性；\n颈椎的先天性畸形：比如蝴蝶椎、并椎等，多为先天性，比较少见。\n4.诊断：\n颈椎病的检查包括体格检查和辅助检查。\n体格检查：包括头颈部，尤其是颈肩部是否有压痛点、颈椎活动范围及一些颈椎试验检查。此外，医生还会神经系统进行检查，比如肢体感觉反射、肢体运动功能。\n辅助检查：包括 X 线检查、磁共振成像（MRI）、CT、脊髓造影、椎动脉造影等。\n5.治疗：\n多数颈椎病可以采用药物、康复锻炼、牵引、理疗等非手术方法对症状进行缓解；有些颈椎病如脊髓型颈椎病非手术治疗效果不好，可能需要手术治疗。\n其他的，如采取正确的生活方式及工作姿势，也是治疗非常重要的一部分，比如，将枕头的高度调低，避免长时间保持一个姿势，避免长时间低头工作看手机等等。 \n6.生活：\n运动是颈椎病的最好治疗方法之一；既能增加自身体质、锻炼肌肉、坚固骨骼，又能使处于紧张状态下的肌肉得到松弛，从而达到防治颈椎病的效果。有条件建议坚持规律运动。\n较好的运动有太极拳、羽毛球、乒乓球、游泳、放风筝等。\n它们有助于改善颈部肌肉紧张酸痛等不适症状，但需要注意控制运动强度，避免引起颈椎疼痛或者肢体麻木疼痛加重。但是注意避免运动时间过长，否则可能引起疲劳导致颈肩部肌肉劳损加重。\n以太极拳和羽毛球这两个典型为例：\n太极拳通常建议每周练习 3～5 次，每次 30 分钟左右。适合年纪较大的颈椎病患者，活动比较舒缓，冲击力不大。\n太极拳的招式非常重视站姿及头、眼、颈和四肢的配合和协调，有助于舒缓颈部不适。尤其是颈部辗转环绕等动作，有助于放松颈部紧张肌肉，改善颈椎病症状。通常建议每周练习 3～5 次，每次 30 分钟左右。\n羽毛球运动的频次推荐每周 3～5 次，每次 30～60 分钟。适合年轻群体的颈椎病患者。\n在打羽毛球的过程中，头部会随着羽毛球的运动做前屈、后伸、 左转、右转等放松运动；对于长期伏案、埋头工作的上班族而言，在回接高球时，抬头看球的动作还可以很好地起到「治疗」的效果。\n并且，打羽毛球向后引臂的回球动作，也能让颈椎和脊椎处于放松状态，缓解肩膀酸痛，因而能很好地防治颈椎病。\n羽毛球运动的频次推荐每周 3～5 次，每次 30～60 分钟。注意避免运动时间过长，否则可能引起疲劳导致颈肩部肌肉劳损加重。\n7.预防：\n避免长时间保持一个姿势，每当伏案工作过久后，应停下休息、活动活动颈部。\n加强颈肩部肌肉的锻炼，在工间或工余时，做头及双上肢的前屈、后伸及旋转运动。\n避免高枕睡眠的不良习惯。选择较矮的枕头（可以选择中间低两端高，透气性好，长度超过肩宽 10～16cm、高度以头颈部压下后一拳头高为宜）平躺睡眠。\n注意颈肩部保暖。避免穿着露肩的衣服，必要时使用披肩或者围巾保暖。\n存在骨质疏松的人群要定期补充钙和维生素D，避免骨质疏松。\n避免头颈负重物。比如脖子上悬挂很重的包等。\n坚持规律运动。运动是颈椎病的最好预防方法之一；既能增加自身体质、锻炼肌肉、坚固骨骼，又能使处于紧张状态下的肌肉得到松弛，从而达到防治颈椎病的效果。\n8.就诊：\n推荐科室\n骨科\n中国医学科学院北京协和医院\n北京市东城区王府井帅府园1号（100730）；北京市西城区大木仓胡同41号（100032）\n三级甲等\n首都医科大学附属北京天坛医院\n北京市丰台区花乡桥东北角（西南四环内）\n三级甲等\n首都医科大学宣武医院\n北京市西城区长椿街45号\n三级甲等\n复旦大学附属华山医院\n上海市乌鲁木齐中路12号、华山路433号、吴中东路518号、浦东新区红枫路525号、闵行区金光路958号、江苏路796号、宝山区陆翔路108号、同望路55号\n三级甲等
腰椎间盘突出症是什么病？,\n1.简介：\n腰椎间盘突出症（简称「腰突症」）是较为常见的骨科疾患之一，通常腰椎间盘突出症以腰 4～腰 5、腰 5～骶 1 椎间盘发病率最高。\n主要是因为腰椎间盘（包括髓核、纤维环及软骨板）发生不同程度的退变后，在外力因素的作用下，椎间盘的纤维环破裂，髓核从破裂之处突出（或脱出），导致相邻的神经根或马尾神经遭受刺激或压迫，从而产生腰部疼痛，大小便障碍、一侧下肢或双下肢麻木、疼痛等一系列临床症状｡ 本病在青壮年中比较常见，且男性相较女性，发病人数更多。\n大部分患者通过保守治疗，如卧床休息、药物抗炎治疗等，即可使症状得到缓解，部分较严重的患者可能需要手术治疗，术后仍有复发的风险。\n2.症状：\n腰痛：少数病人只有腿痛。 活动时加重，卧床休息后常减轻。\n腰部活动受限：患者会感觉腰部不能自由活动，尤其是腰部向前屈受限最为明显。\n坐骨神经痛：疼痛一般会从下腰部向臀部、大腿后方、小腿外侧直到足部放射，在喷嚏和咳嗽等情况下疼痛会加剧。一般多累及一侧下肢，仅极少数突出者表现为双下肢症状。早期为痛觉过敏，严重者出现感觉迟钝或麻木。\n马尾神经受压症状： 主要表现为大、小便障碍，双下肢及会阴部疼痛、感觉减退和麻木。严重者可出现大小便失控及双下肢不完全性瘫痪等症状，较少见。\n间歇性跛行：由于腰椎间盘突压迫神经根，造成神经根的充血、水肿等炎性反应和缺血，当行走时，椎管内受阻的椎静脉丛充血，加重了神经根的充血程度和脊髓血管的扩张，同时也加重了对神经根的压迫而引起下肢疼痛，走路一瘸一拐，需要时不时的休息一段时间才能继续行走。\n3.病因：\n本病的病因明确，主要有以下几个方面:\n椎间盘退变：是年龄增长的过程中必然会发生的一个改变，再加上外力和劳损的原因，更容易发生本病。\n损伤：反复弯腰、长时间久坐造成的积累性损伤容易引起本病。\n妊娠：妊娠妇女由于韧带松弛的缘故，更容易发生本病。\n遗传因素：部分青少年有腰椎间盘突出症家族史，可能会遗传。\n发育异常：如关节不对称，下腰椎承受过大的压力，而易发本病。\n4.诊断：\n医生对患者进行详细的病史采集和临床体格检查后，要结合相关检查结果，综合进行诊断。通常的检查有：\nCT 检查：可以显示椎间盘突出的部位、大小、形态和神经根、硬脊膜囊受压移位的情况，同时可显示椎板及黄韧带肥厚、小关节增生肥大、椎管及侧隐窝狭窄等情况。\n核磁共振检查（MRI 检查）：对椎间盘突出症的诊断具有重要意义。它可以观察病变椎间盘突出的形态及其与周围组织的关系。对于不能行 MRI 检查患者，也可以进行脊髓造影检查，准确性也很高。\n造影检查：怀疑椎管内有肿瘤或者椎管狭窄时可以采用此方法。\n直腿抬高试验：病人仰卧，下肢抬高到 60°～70° ，观察病人的反应，可以用来诊断患者是否有坐骨神经痛，进一步验证。\n5.治疗：\n整体来说，腰椎间盘突出的病人大部分还是采用保守治疗的方式。\n保守治疗的方法有多种多样，包括休息、牵引治疗、按摩、药物治疗等。根据病人的不同情况选择：\n首先卧床休息是最基本，也是最重要的基本治疗。\n因为椎间盘在正常生活里面，起到支撑体重的作用，在直立或者坐着的时候，椎间盘要承担很大的重量，这时候里面的压力很高，对神经根产生的压迫相应比较重。\n大部分人也不是很重的腰椎间盘突出，比如说膨出，通过卧床，整个脊柱完全的放松了，椎间盘的压力减轻，它对神经根的挤压就减轻了。同时有的病人椎间盘压迫了神经根以后，神经根本身会有些炎症，你卧床休息以后，椎间盘压力轻了以后，神经这些肿胀就会慢慢减退，实际上也达到治疗的目的。\n如果说保守治疗解决不了，就要寻求一些其他的方法。\n某些药物也可以起到比较好的作用， 这些药物主要就是针对炎症反应的，减轻神经根的水肿，减轻局部的炎症反应，通过这些措施来起到缓解疼痛的作用。\n再就是手术治疗，依据不同病情，可选择不同手术方式。\n6.生活：\n久坐时注意坐姿。 当我们需要久坐办公、学习等时，注意保持良好的坐姿，腰部应有良好的支撑，臀部能够坐到底，椅子的高度能够刚好使得髋膝踝的角度达到 90 度，书桌和电脑设置的高度应当刚好能够通过平视看到，肘部和手部能够自然放松并有支撑承托。\n搬重物时注意动作和发力。 在需要搬运重物时，建议尽量靠近需要搬的物体，然后下蹲并收紧核心避免弯腰，利用双腿用力提起重物。若需要提重物并且有转身动作时，如将孩子抱离婴儿床时，也先通过下肢带动上身一起旋转，避免腰部无控制下旋转过大导致损伤。 若是在腰椎间盘突出导致的疼痛期间，不建议搬东西或过多弯腰的行为。\n7.预防：\n总的原则是尽可能避免或减少弯腰。\n对于体力劳动者、上班族尽量不要长时间保持一个姿势，避免过度劳累，工作一段时间后就稍作运动，或按摩一下腰腿部，或做一会儿体操，并保持正确姿势，以缓解腰部肌肉的紧张。\n对于腰骶部发育不全者，可以积极治疗原疾病。\n妊娠妇女应更注意保养自己的腰部，尽量减少弯腰的动作。\n日常生活中拖地、扫地或者用吸尘器吸地等劳动要小心，尽量保持身体直立｡\n从地上捡东西时最好保持腰部以上身体直立的姿势先蹲下，而不要直接大幅度弯腰去捡。\n从高处拿东西时，严禁身体向后仰，要保持直立。在抱小孩时最好靠近自己的身体，离的太远会增加腰部负担。\n睡软硬适度的床。\n可以尝试一种锻炼腰椎的简单方法：坐在椅子上，双手交叉抱颈，向前挺腹，向后仰头，坚持 2～3 分钟然后放松，工作间隙，重复做以上动作三五次，对颈椎、腰椎都有很好的拉伸作用。\n8.就诊：\n推荐科室\n骨科\n北京积水潭医院\n北京积水潭医院新街口院区地址：西城区新街口东街31号 北京积水潭医院回龙观院区地址：昌平区回龙观镇回南北路68号\n三级甲等\n中国医学科学院北京协和医院\n北京市东城区王府井帅府园1号（100730）；北京市西城区大木仓胡同41号（100032）\n三级甲等\n中国人民解放军总医院\n北京市海淀区复兴路28号\n三级甲等\n四川大学华西医院\n四川省成都市武侯区国学巷37号\n三级甲等\n
阿尔茨海默病是一种什么病？,\n1.简介：\n阿尔茨海默病（Alzheimer's disease，AD）是一种缓慢起病并进行性发展的神经系统退行性病变 。\n多见于老年人，是老年人痴呆的首要病因，临床上以记忆力减退、智能下降以及性格和行为模式改变为特征。晚期可完全丧失独立生活能力。\n阿尔茨海默病患者可能因为患病而感到羞愧、自责，出现很多负面情绪。此时更需要家人和朋友的理解与关爱来帮助他们走出精神困境。\n2.症状：\n记忆障碍是阿尔茨海默病（AD）最常见的初始症状。 典型 AD 患者在发生记忆障碍时或之后可能出现其他认知域的损害。\n早期：\n早期可能出现记忆力减退，记不住最近或刚刚发生的事情，常将日常所做的事和常用的一些物品遗忘，不能处理相对复杂的问题，对新事物的理解出现困难，不能准确辨别时间、地点或人物等，一般持续 1～3 年 。\n面对复杂的事物容易出现疲乏、焦虑和消极情绪，还会表现人格方面的改变，比如不爱清洁、不修边幅、暴躁、易怒、自私多疑等 。\n中期：\n远近记忆均受损，不能独立进行室外活动，综合分析能力减退、言语重复、计算能力丧失，原来掌握的知识和技能出现明显的衰退，出现一些神经系统症状，如不会说话、不会用以前会用的东西、不认识以前认识的事物，即出现失语、失用和失认的状态。\n患者常有较明显的行为和精神异常，性格内向的患者变得容易激动、兴奋欣快、言语增多；而原来性格外向的患者则可变得沉默寡言，对任何事都提不起兴趣；出现明显的人格改变，甚至作出一些丧失羞耻感（如随地大小便）的行为 。\n出现幻觉和妄想。AD 患者因为记忆减退，不记得把东西放在哪儿而出现一种具有特征性的「偷窃」妄想，总觉得自己的物品被盗或被隐藏。神经系统可有肌张力增高、癫痫等锥体外系症状，生活部分自理或不能自理 。\n晚期：\n患者生活不能自理，基本要完全依赖照护者，大小便失禁，四肢出现强直或瘫痪，无法随意挪动身体，记忆力丧失，仅残留部分片段式的记忆，与外界逐渐丧失接触能力。\n部分可出现像婴儿吸奶样的吸吮等原始反射，最终可出现昏迷或死于压疮、营养不良、肺炎、泌尿系感染、全身性衰竭等并发症。\n部分患者在上述异常表现的同时，还可伴有睡眠障碍，如失眠或睡眠过度、入睡后突然醒过来等 。\n3.病因：\n阿尔茨海默病（AD）的具体病因尚不清楚，简单理解，就是由于不同异常的原因，导致了神经系统的结构或功能受到伤害，从而出现了阿尔茨海默病。\n目前对其发病机制有如下几种假说，但可能过于晦涩难懂，可作为参考了解：\nβ-淀粉样蛋白级联假说：β 淀粉样蛋白（βamyloid protein，Aβ）级联假说是目前 AD 的发病机制中最经典的学说，β 淀粉样蛋白沉积，会在脑组织内形成细胞外老年斑（APs），该假说认为 β 淀粉样蛋白的增多破坏许多脑功能，产生神经毒性，杀死神经元，而引起阿尔茨海默病 。\nApoE 基因假说：载脂蛋白 E（apolipoprotein E，ApoE）ε4 基因（ APOEε4）是目前唯一公认的 AD 风险基因，ApoE 与上述 Aβ 的清除、聚集等有关，而且 ApoEε4 可加剧炎症反应，导致更严重的神经损伤，继而产生阿尔茨海默病，拥有一个 ApoE4 等位基因将使发病风险提高 3 倍 。\ntau 蛋白假说：神经原纤维缠结是 AD 两大病理表现之一，tau 蛋白高度螺旋形成神经原纤维缠结，继而产生神经毒性，破坏了神经元及突触的正常功能，造成阿尔兹海默病。\n炎症与免疫机制：除了脑组织内的老年斑及神经原纤维缠结外，广泛的炎症反应也是 AD 的重要病理表现。 现在研究认为 AD 中的炎症反应并不单纯是一种被动反应，相反其可能与 Aβ 蛋白及过度磷酸化的 tau 蛋白一样在疾病的发生和发展过程中都起到非常重要的作用 。\n神经递质失调：胆碱能神经系统是与认知发生密切相关的神经递质系统，在老年人及痴呆病人中均可发现胆碱能神经元丢失、乙酰胆碱水平的下降、乙酰胆碱受体功能障碍等表现，能很好的解释一些认知缺损 。\n在上述可能的假说中，目前比较公认的 AD 病理表现包括两点：细胞外 β- 淀粉样蛋白沉积（脑组织内的老年斑）和细胞内神经原纤维缠结（双螺旋丝）。\n值得一提的是，2022年7月，《Science》发表了一篇文章，指出美国的一位神经学家涉及 β- 淀粉样蛋白的研究造假，这对近些年与这种假说相关的研究造成了一定的不良影响。\n4.诊断：\n根据经常容易忘记自己刚做的事、没有时间概念和方向感、脾气和行为变化无常、学习和记忆新知识的能力下降等先兆症状，如果怀疑阿尔茨海默病（AD），应进行以下检查以做到早期诊断： 首先是神经心理学的评估，明确是否存在认知障碍：\n轻度认知障碍（MCI）是介于正常老化与痴呆的一个过渡阶段，核心症状是认知功能（包括感知、思维、学习的方面的能力）减退，通常被认为是 AD 的临床前期 。可采用多个心理量表明确是否存在认知功能损害及确定损害的严重程度。\n常用的量表有：简易智能状态量表（MMSE）、蒙特利尔认知评估量表（MocA）、阿尔茨海默病认知功能评价量表（ADAS-cog）、长谷川痴呆量表（HDS）等，其中 MMSE 量表最常用，但其不适用于低学历患者。MocA 量表因其对执行和语言功能障碍的敏感性较高，可作为。\n其次，可以进行神经影像学技术的检查，如计算机断层扫描（CT）、磁共振（MRI）、功能磁共振（fMRI）、正电子发射断层成像（PET）等：\n计算机断层扫描、磁共振（CT、MRI）：用于了解脑组织情况，如判断是否存在海马萎缩和侧脑室扩大，为诊断提供依据，还可鉴别有无其他引起认知功能障碍的疾病，如脑血管疾病、脑肿瘤、外伤等 。\n功能磁共振（fMRI）：不仅可以提供大脑的解剖生理信息，而且还能检测 AD 患者大脑内代谢活性变化的区域和脑内与 AD 相关的蛋白聚体。近年来，静息态功能磁共振（rs-fMRI）成像技术已经逐渐发展为探索 AD 脑功能改变的新途径之一。\n正电子发射断层成像（PET）：\n主要是利用显像剂对 AD 进行辅助诊断，其中糖代谢类显像剂 18 F 标记的脱氧葡萄糖（18 F-FDG）和 Aβ 显像剂最为常用。18 F-FDG PET 既可以用来评价 AD 的严重程度，也可以用来评价治疗效果。PET 成像在病理情况下可见双侧颞叶的海马区血液和代谢降低。\n在 PET 成像中，tau PET 成像示踪剂也在开发当中，它可能成为 AD tau 蛋白病的体内标志物，但这些示踪剂目前只能在研究中使用，临床应用前还需进行额外验证 。\n最后，为了进一步确诊 AD，还需进行相关的生物学标志物检测：\n目前明确可用于 AD 诊断的生物学标志物主要包括脑脊液（CSF）、外周血液和尿液标志物。其中脑脊液生物学标志物具有比较高的 AD 早期诊断的准确性，如 Aβ42、总 tau 蛋白（t-tau）和磷酸化 tau 蛋白（p-tau）。\n淀粉样 β 蛋白：AD 的主要病理表现之一是细胞外的淀粉样斑块沉积。脑脊液生物标记物检测可发现，AD 患者脑脊液中的 Aβ42 减少，或 Aβ42/Aβ40 比值低 。\n总 tau 蛋白：脑脊液内 t-tau 是一种动态的生物标志物，可以反映大脑急性神经元损伤和慢性神经元退行性变的程度，与正常老年人相比，AD 患者脑脊液内 t-tau 升高 。\n磷酸化 tau 蛋白：神经纤维缠结的形成和神经元的退行性变是 AD 基本的病理特征。p-tau 蛋白是过度磷酸化的 tau 蛋白，在 AD 中，可促进了神经原纤维缠结（neurofibrillary tangles，NFT）的形成 。\n总体来说，有研究表明，CSF 中 p-tau 和 Aβ42 的组合对早期 AD 的检测具有更高的灵敏度和特异性度，p-tau 和 t-tau 结合可以更好地反映疾病的进展阶段。\n上述脑脊液检查尚未被列入常规，但随着各检测技术的发展，脑脊液在诊断 AD 中的价值越来越得到重视，这类检测可增加 AD 临床诊断的可信度。\n5.治疗：\n阿尔茨海默病（AD）的治疗与其他类型的痴呆治疗相同，目前有药物治疗、非药物对症支持治疗两大部分，具体用药需要专业医生评估、指导，以下治疗方式仅可作为了解参考：\n药物治疗：\n胆碱酯酶抑制剂：目前已上市的有多奈哌齐、卡巴拉汀、加兰他敏、他克林四种，其中多奈哌齐每天给药一次，因耐受较好而成为一线用药，可用于轻度、中度或重度阿尔茨海默病症状的治疗。胆碱酯酶抑制剂可在一定程度上改善一些病人的认知与记忆的损害，但可能产生恶心、呕吐、腹泻、失眠等不良反应 。\n盐酸美金刚：为一种 N - 甲基 - D - 天冬氨酸（NMDA）受体拮抗剂。多用于中 - 重度痴呆的治疗。可与胆碱酯酶抑制剂合用，用于控制 AD 患者精神症状。该药最常见的副作用是头晕，且对于肾功能不全的患者，应当减少剂量或避免使用。为了减少不良反应的发生，在治疗的前 3 周应按每周逐渐增量的方式，逐步达到维持剂量。\n抗精神病药：如氟哌啶醇、利司培酮、奥氮平等，能够较好地控制攻击行为，适用于有严重的躯体伤害行为、攻击行为和精神症状的患者，但是有增加脑卒中、意识受损的风险，治疗应从小剂量开始，缓慢加量 。\n其他药物：如维生素 E、司来吉兰等抗氧化剂，可能具有延缓阿尔茨海默病患者功能性退化的作用，但效果不明显。\n非药物对症支持治疗：\n悉心护理：有行为障碍者，如瘫痪、大小便失禁、记忆力丧失等，需要家人及看护者的悉心护理。\n补充营养：营养不足在 AD 患者中常见，且与并发症发病率和死亡率增加有关，因此建议适当补充营养、保证餐食的摄入足够，避免因为吃的不足造成了体重减少或营养不足。注意不要喝酒，以免加重认知障碍。\n康复锻炼：对于早期 AD 患者，必要的认知康复、体育锻炼及技能锻炼，例如让老人进行简单的数学计算，进行物体分类，重复新闻中听到的内容；打羽毛球、练书法、下棋等，有助于患者的记忆、认知及身体机能，进一步改善生活质量。\n此外，目前有一些常用的药物，如雌激素、非甾体抗炎药、他汀类药物、维生素 B、ω-3 脂肪酸等，均未明确证实对 AD 的治疗有益。\n此外，对 AD 患者而言，家人的关心与呵护更加重要 。\n6.生活：\n保证优质蛋白的供给：如肉、蛋、奶等，这些动物性的优质蛋白需要占蛋白质总量的一半左右。如果患者以素食为主，则可以选用大豆及其制品，比如豆腐、豆干、豆浆等。每天蛋白质的量应该不少于 60 克，也就是不少于 500 克豆腐或 400 克豆干 。\n减少脂肪和碳水化合物的摄入：\n脂肪的供给量占总能量的 20%～25%（约每天 50～60 克），食物中的油脂和烹调用油均应该包括在内 。\n在选择油脂的时候，尽量选择含亚油酸丰富的油，比如，大豆油、玉米油、芝麻油等植物油，避免选择动物油。\n胆固醇的摄入量控制在每日 300 毫克，约一个蛋黄的量。含有胆固醇的食物有鸡蛋、鸭蛋、猪肝、鸡肝等；碳水化合物每天的供给量占总热量的 55%～60%，每天约 250～300 克 。\n保证充足的维生素和微量元素：这些维生素可以通过新鲜蔬菜、水果获得。坚果、种子中维生素 E 含量丰富，但不建议给患者直接食用坚果、种子（容易误吸入气道，也不便于咀嚼），维生素 E 可以通过食用油获得 。\n阿尔茨海默病的患者，由于摄食不足，消化吸收能力降低，还需要注意铁、锌、硒的补充。\n7.预防：\n很遗憾，目前并没有得到证实的可以预防阿尔茨海默病的方法，是对老年人危害甚大的疾病之一，但以下措施可能可以辅助维持脑部健康。包括：\n个人：\n首先要树立积极乐观的生活态度；\n积极参加社会活动、多与亲朋邻里交流；\n养成积极健康生活方式，积极参加体育锻炼：不吸烟、不酗酒，多听听音乐，保证每天有一小时体育锻炼，最好户外体育锻炼，有氧训练可预防认知功能下降 。\n日常生活要多用脑，如学习新技能、填字游戏和读报纸，经常读书写字，主动做一些计算，如超市买东西回来后可计算账单，这些脑力活动能促进神经元间形成新连接，延缓痴呆。\n饮食注意营养平衡：平时要注意 D、B 、E 族维生素和微量元素的补充，能降低患病风险 。\n主动及时治疗慢性病：如白内障、高血压、糖尿病、心脏病等慢性病。控制胆固醇水平，日常生活中可以通过低脂饮食或服用他汀类药物等方法以降低胆固醇水平 。\n家庭：子女要挤出时间常陪伴老人，多与老人沟通交流，鼓励老人多接触新鲜事物，勤动脑筋，不要让老人整天都坐在电视机前面；同时要让老人多参与集体活动，广泛社交，良好的情绪可有助于提高老年人的生活质量。\n社会：\n多组织社区活动，主动邀请老年人参加，尤其是不常参加的老人；\n大力发展基础教育，提高全民教育水平；\n经常开展早期老年认知检查，早发现，早预防，及早进行健康教育；\n政府社会要多关心孤、寡、残疾、失独和贫穷老年人，经常给予关心帮助。\n8.就诊：\n推荐科室\n神经内科\n中国医学科学院北京协和医院\n北京市东城区王府井帅府园1号（100730）；北京市西城区大木仓胡同41号（100032）\n三级甲等\n首都医科大学附属北京天坛医院\n北京市丰台区花乡桥东北角（西南四环内）\n三级甲等\n首都医科大学宣武医院\n北京市西城区长椿街45号\n三级甲等\n复旦大学附属华山医院\n上海市乌鲁木齐中路12号、华山路433号、吴中东路518号、浦东新区红枫路525号、闵行区金光路958号、江苏路796号、宝山区陆翔路108号、同望路55号\n三级甲等
